"","latitude","longitude","begin","end","ID","species_ind"
"1",36.9729,-122.1579,"2002-10-17","2002-12-31","doi:10.6085/AA/SHB001_021ADCP020R00_20021017.50.1",163
"2",36.9729,-122.1579,"2003-01-15","2003-04-10","doi:10.6085/AA/SHB001_021ADCP020R00_20030115.50.1",164
"3",36.9729,-122.1579,"2003-04-29","2003-07-27","doi:10.6085/AA/SHB001_021ADCP020R00_20030429.50.1",165
"4",36.9729,-122.1579,"2003-07-27","2003-10-29","doi:10.6085/AA/SHB001_021ADCP020R00_20030725.50.1",166
"5",36.9729,-122.1579,"2004-01-28","2004-04-27","doi:10.6085/AA/SHB001_021ADCP020R00_20040128.50.1",167
"6",36.9729,-122.1579,"2004-04-29","2004-07-15","doi:10.6085/AA/SHB001_021ADCP020R00_20040429.50.1",168
"7",36.9729,-122.1579,"2004-10-07","2005-01-03","doi:10.6085/AA/SHB001_021ADCP020R00_20041007.50.1",169
"8",36.9729,-122.1579,"2005-01-03","2005-04-01","doi:10.6085/AA/SHB001_021ADCP020R00_20050102.50.1",170
"9",36.9729,-122.1579,"2005-01-03","2005-04-01","doi:10.6085/AA/SHB001_021ADCP020R00_20050102.50.1",171
"10",36.9729,-122.1579,"2005-06-25","2005-09-21","doi:10.6085/AA/SHB001_021ADCP020R00_20050625.50.1",172
"11",36.9729,-122.1579,"2005-09-21","2005-12-14","doi:10.6085/AA/SHB001_021ADCP020R00_20050921.50.1",173
"12",36.9729,-122.1579,"2006-03-08","2006-06-01","doi:10.6085/AA/SHB001_021ADCP020R00_20060308.50.1",174
"13",36.9729,-122.1579,"2006-03-08","2006-06-01","doi:10.6085/AA/SHB001_021ADCP020R00_20060308.50.1",175
"14",36.9729,-122.1579,"2006-06-02","2006-08-18","doi:10.6085/AA/SHB001_021ADCP020R00_20060602.50.1",176
"15",36.9729,-122.1579,"2006-09-01","2006-11-30","doi:10.6085/AA/SHB001_021ADCP020R00_20060901.50.1",177
"16",36.972121,-122.15845,"2007-02-14","2007-05-11","doi:10.6085/AA/SHB001_021ADCP020R00_20070214.50.1",178
"17",36.972121,-122.15845,"2007-06-30","2007-09-20","doi:10.6085/AA/SHB001_021ADCP020R00_20070630.50.1",179
"18",36.972121,-122.15845,"2007-09-20","2007-12-12","doi:10.6085/AA/SHB001_021ADCP020R00_20070920.50.1",180
"19",36.972121,-122.15845,"2008-01-31","2008-04-17","doi:10.6085/AA/SHB001_021ADCP020R00_20080131.50.1",181
"20",36.972121,-122.15845,"2008-07-22","2008-09-07","doi:10.6085/AA/SHB001_021ADCP020R00_20080722.50.1",182
"21",36.972121,-122.15845,"2008-10-14","2008-11-30","doi:10.6085/AA/SHB001_021ADCP020R00_20081014.50.1",183
"22",36.972121,-122.15845,"2009-01-09","2009-04-10","doi:10.6085/AA/SHB001_021ADCP020R00_20090109.50.1",184
"23",36.972121,-122.15845,"2009-07-08","2009-10-01","doi:10.6085/AA/SHB001_021ADCP020R00_20090708.50.1",185
"24",36.972121,-122.15845,"2009-10-05","2010-01-05","doi:10.6085/AA/SHB001_021ADCP020R00_20091005.50.1",186
"25",36.972121,-122.15845,"2009-10-05","2010-01-05","doi:10.6085/AA/SHB001_021ADCP020R00_20091005.50.1",187
"26",36.972121,-122.15845,"2010-01-05","2010-04-07","doi:10.6085/AA/SHB001_021ADCP020R00_20100105.50.1",188
"27",36.943421,-122.08045,"2010-05-13","2010-08-03","doi:10.6085/AA/TPT001_018ADCP018R00_20100513.50.1",189
"28",36.972121,-122.15845,"2007-09-20","2007-12-12","doi:10.6085/AA/SHB001_021ADCP020R00_20070920.50.1",199
"29",36.972121,-122.15845,"2008-01-31","2008-04-17","doi:10.6085/AA/SHB001_021ADCP020R00_20080131.50.1",200
"30",36.972121,-122.15845,"2009-01-09","2009-04-10","doi:10.6085/AA/SHB001_021ADCP020R00_20090109.50.1",201
"31",36.9729,-122.1579,"2003-01-15","2003-04-10","doi:10.6085/AA/SHB001_021ADCP020R00_20030115.50.1",203
"32",36.9729,-122.1579,"2003-04-29","2003-07-27","doi:10.6085/AA/SHB001_021ADCP020R00_20030429.50.1",204
"33",36.9729,-122.1579,"2003-07-27","2003-10-29","doi:10.6085/AA/SHB001_021ADCP020R00_20030725.50.1",205
"34",36.9729,-122.1579,"2004-04-29","2004-07-15","doi:10.6085/AA/SHB001_021ADCP020R00_20040429.50.1",206
"35",36.9729,-122.1579,"2004-04-29","2004-07-15","doi:10.6085/AA/SHB001_021ADCP020R00_20040429.50.1",207
"36",36.9729,-122.1579,"2004-10-07","2005-01-03","doi:10.6085/AA/SHB001_021ADCP020R00_20041007.50.1",208
"37",36.9729,-122.1579,"2005-04-01","2005-06-24","doi:10.6085/AA/SHB001_021ADCP020R00_20050401.50.1",209
"38",36.9729,-122.1579,"2005-06-25","2005-09-21","doi:10.6085/AA/SHB001_021ADCP020R00_20050625.50.1",210
"39",36.9729,-122.1579,"2005-09-21","2005-12-14","doi:10.6085/AA/SHB001_021ADCP020R00_20050921.50.1",211
"40",36.9729,-122.1579,"2006-03-08","2006-06-01","doi:10.6085/AA/SHB001_021ADCP020R00_20060308.50.1",212
"41",36.9729,-122.1579,"2006-06-02","2006-08-18","doi:10.6085/AA/SHB001_021ADCP020R00_20060602.50.1",213
"42",36.9729,-122.1579,"2006-09-01","2006-11-30","doi:10.6085/AA/SHB001_021ADCP020R00_20060901.50.1",214
"43",36.9729,-122.1579,"2006-09-01","2006-11-30","doi:10.6085/AA/SHB001_021ADCP020R00_20060901.50.1",215
"44",36.972121,-122.15845,"2007-02-14","2007-05-11","doi:10.6085/AA/SHB001_021ADCP020R00_20070214.50.1",216
"45",36.972121,-122.15845,"2007-06-30","2007-09-20","doi:10.6085/AA/SHB001_021ADCP020R00_20070630.50.1",217
"46",36.972121,-122.15845,"2007-09-20","2007-12-12","doi:10.6085/AA/SHB001_021ADCP020R00_20070920.50.1",218
"47",36.972121,-122.15845,"2007-06-30","2007-09-20","doi:10.6085/AA/SHB001_021ADCP020R00_20070630.50.1",219
"48",36.943421,-122.08045,"2008-03-04","2008-06-02","doi:10.6085/AA/TPT001_018ADCP018R00_20080304.50.1",220
"49",36.943421,-122.08045,"2008-06-02","2008-08-28","doi:10.6085/AA/TPT001_018ADCP018R00_20080602.50.1",221
"50",36.943421,-122.08045,"2008-08-28","2008-11-18","doi:10.6085/AA/TPT001_018ADCP018R00_20080828.50.1",222
"51",36.972121,-122.15845,"2008-10-14","2008-11-30","doi:10.6085/AA/SHB001_021ADCP020R00_20081014.50.1",223
"52",36.972121,-122.15845,"2009-01-09","2009-04-10","doi:10.6085/AA/SHB001_021ADCP020R00_20090109.50.1",224
"53",36.972121,-122.15845,"2009-04-10","2009-07-08","doi:10.6085/AA/SHB001_021ADCP020R00_20090410.50.1",225
"54",36.972121,-122.15845,"2009-10-05","2010-01-05","doi:10.6085/AA/SHB001_021ADCP020R00_20091005.50.1",226
"55",36.943421,-122.08045,"2010-05-13","2010-08-03","doi:10.6085/AA/TPT001_018ADCP018R00_20100513.50.1",227
"56",36.943421,-122.08045,"2010-05-13","2010-08-03","doi:10.6085/AA/TPT001_018ADCP018R00_20100513.50.1",228
"57",36.943421,-122.08045,"2007-09-17","2007-11-30","doi:10.6085/AA/TPT001_018ADCP018R00_20070917.50.1",238
"58",36.943421,-122.08045,"2008-03-04","2008-06-02","doi:10.6085/AA/TPT001_018ADCP018R00_20080304.50.1",239
"59",36.943421,-122.08045,"2009-02-13","2009-05-13","doi:10.6085/AA/TPT001_018ADCP018R00_20090213.50.1",240
"60",36.9442,-122.0799,"2002-10-17","2003-01-20","doi:10.6085/AA/TPT001_018ADCP018R00_20021017.50.1",242
"61",36.9442,-122.0799,"2003-01-20","2003-04-27","doi:10.6085/AA/TPT001_018ADCP018R00_20030120.50.1",243
"62",36.9442,-122.0799,"2003-04-27","2003-07-23","doi:10.6085/AA/TPT001_018ADCP018R00_20030427.50.1",244
"63",36.9442,-122.0799,"2003-10-31","2004-01-27","doi:10.6085/AA/TPT001_018ADCP018R00_20031031.50.1",245
"64",36.9442,-122.0799,"2004-01-27","2004-04-24","doi:10.6085/AA/TPT001_018ADCP018R00_20040127.50.1",246
"65",36.9442,-122.0799,"2004-04-24","2004-07-17","doi:10.6085/AA/TPT001_018ADCP018R00_20040423.50.1",247
"66",36.9442,-122.0799,"2004-10-14","2005-01-12","doi:10.6085/AA/TPT001_018ADCP018R00_20041014.50.1",248
"67",36.9442,-122.0799,"2005-01-12","2005-04-03","doi:10.6085/AA/TPT001_018ADCP018R00_20050110.50.1",249
"68",36.9442,-122.0799,"2005-04-10","2005-07-11","doi:10.6085/AA/TPT001_018ADCP018R00_20050407.50.1",250
"69",36.9442,-122.0799,"2005-10-04","2006-01-11","doi:10.6085/AA/TPT001_018ADCP018R00_20051004.50.1",251
"70",36.9442,-122.0799,"2006-04-14","2006-07-14","doi:10.6085/AA/TPT001_018ADCP018R00_20060410.50.1",252
"71",36.9442,-122.0799,"2006-07-14","2006-10-11","doi:10.6085/AA/TPT001_018ADCP018R00_20060714.50.1",253
"72",36.9442,-122.0799,"2006-07-14","2006-10-11","doi:10.6085/AA/TPT001_018ADCP018R00_20060714.50.1",254
"73",36.9442,-122.0799,"2007-01-09","2007-04-05","doi:10.6085/AA/TPT001_018ADCP018R00_20070109.50.1",255
"74",36.943421,-122.08045,"2007-07-01","2007-09-08","doi:10.6085/AA/TPT001_018ADCP018R00_20070701.50.1",256
"75",36.943421,-122.08045,"2007-09-17","2007-11-30","doi:10.6085/AA/TPT001_018ADCP018R00_20070917.50.1",257
"76",36.943421,-122.08045,"2007-12-13","2008-03-04","doi:10.6085/AA/TPT001_018ADCP018R00_20071213.50.1",258
"77",36.943421,-122.08045,"2008-06-02","2008-08-28","doi:10.6085/AA/TPT001_018ADCP018R00_20080602.50.1",259
"78",36.943421,-122.08045,"2008-08-28","2008-11-18","doi:10.6085/AA/TPT001_018ADCP018R00_20080828.50.1",260
"79",36.943421,-122.08045,"2009-02-13","2009-05-13","doi:10.6085/AA/TPT001_018ADCP018R00_20090213.50.1",261
"80",36.943421,-122.08045,"2009-05-14","2009-08-12","doi:10.6085/AA/TPT001_018ADCP018R00_20090514.50.1",262
"81",36.943421,-122.08045,"2009-08-12","2009-11-10","doi:10.6085/AA/TPT001_018ADCP018R00_20090812.50.3",263
"82",36.943421,-122.08045,"2010-02-10","2010-05-13","doi:10.6085/AA/TPT001_018ADCP018R00_20100210.50.1",264
"83",36.943421,-122.08045,"2010-05-13","2010-08-03","doi:10.6085/AA/TPT001_018ADCP018R00_20100513.50.1",265
"84",36.943421,-122.08045,"2010-05-13","2010-08-03","doi:10.6085/AA/TPT001_018ADCP018R00_20100513.50.1",266
"85",36.943421,-122.08045,"2007-09-17","2007-11-30","doi:10.6085/AA/TPT001_018ADCP018R00_20070917.50.1",276
"86",36.943421,-122.08045,"2008-03-04","2008-06-02","doi:10.6085/AA/TPT001_018ADCP018R00_20080304.50.1",277
"87",36.943421,-122.08045,"2009-02-13","2009-05-13","doi:10.6085/AA/TPT001_018ADCP018R00_20090213.50.1",278
"88",36.6214,-121.8996,"2002-11-04","2003-02-09","doi:10.6085/AA/HMS001_020ADCP019R00_20021103.50.1",280
"89",36.6214,-121.8996,"2003-02-09","2003-05-05","doi:10.6085/AA/HMS001_020ADCP019R00_20030209.50.1",281
"90",36.6214,-121.8996,"2003-02-09","2003-05-05","doi:10.6085/AA/HMS001_020ADCP019R00_20030209.50.1",282
"91",36.6214,-121.8996,"2003-05-05","2003-08-01","doi:10.6085/AA/HMS001_020ADCP019R00_20030505.50.1",283
"92",36.6214,-121.8996,"2003-10-24","2004-01-21","doi:10.6085/AA/HMS001_020ADCP019R00_20031024.50.1",284
"93",36.6214,-121.8996,"2004-01-21","2004-04-19","doi:10.6085/AA/HMS001_020ADCP019R00_20040121.50.1",285
"94",36.6214,-121.8996,"2004-04-19","2004-07-13","doi:10.6085/AA/HMS001_020ADCP019R00_20040419.50.1",286
"95",36.6214,-121.8996,"2004-10-09","2005-01-04","doi:10.6085/AA/HMS001_020ADCP019R00_20041008.50.1",287
"96",36.6214,-121.8996,"2005-01-04","2005-04-02","doi:10.6085/AA/HMS001_020ADCP019R00_20050104.50.1",288
"97",36.6214,-121.8996,"2005-06-24","2005-09-19","doi:10.6085/AA/HMS001_020ADCP019R00_20050624.50.1",289
"98",36.6214,-121.8996,"2005-09-19","2005-12-12","doi:10.6085/AA/HMS001_020ADCP019R00_20050919.50.1",290
"99",36.6214,-121.8996,"2005-09-19","2005-12-12","doi:10.6085/AA/HMS001_020ADCP019R00_20050919.50.1",291
"100",36.6214,-121.8996,"2006-03-13","2006-06-12","doi:10.6085/AA/HMS001_020ADCP019R00_20060313.50.1",292
"101",36.6214,-121.8996,"2006-06-12","2006-08-30","doi:10.6085/AA/HMS001_020ADCP019R00_20060612.50.1",293
"102",36.6214,-121.8996,"2006-08-30","2006-12-01","doi:10.6085/AA/HMS001_020ADCP019R00_20060830.50.1",294
"103",36.62185,-121.898647,"2007-02-09","2007-04-28","doi:10.6085/AA/HMS001_020ADCP019R00_20070209.50.1",295
"104",36.558,-121.9448,"2007-06-06","2007-08-31","doi:10.6085/AA/SWC001_022ADCP021R00_20070606.50.1",296
"105",36.62185,-121.898647,"2007-10-25","2008-01-23","doi:10.6085/AA/HMS001_020ADCP019R00_20071025.50.1",297
"106",36.558,-121.9448,"2008-02-08","2008-04-26","doi:10.6085/AA/SWC001_022ADCP021R00_20080208.50.1",298
"107",36.62185,-121.898647,"2008-07-15","2008-09-02","doi:10.6085/AA/HMS001_020ADCP019R00_20080715.50.1",299
"108",36.62185,-121.898647,"2008-10-07","2009-01-06","doi:10.6085/AA/HMS001_020ADCP019R00_20081007.50.1",300
"109",36.62185,-121.898647,"2009-01-06","2009-04-06","doi:10.6085/AA/HMS001_020ADCP019R00_20090106.50.4",301
"110",36.62185,-121.898647,"2009-06-30","2009-09-24","doi:10.6085/AA/HMS001_020ADCP019R00_20090630.50.1",302
"111",36.62185,-121.898647,"2009-09-24","2009-12-16","doi:10.6085/AA/HMS001_020ADCP019R00_20090924.50.1",303
"112",36.62185,-121.898647,"2009-09-24","2009-12-16","doi:10.6085/AA/HMS001_020ADCP019R00_20090924.50.1",304
"113",36.558,-121.9448,"2010-03-04","2010-06-22","doi:10.6085/AA/SWC001_022ADCP021R00_20100304.50.1",305
"114",36.558,-121.9448,"2010-06-22","2010-09-29","doi:10.6085/AA/SWC001_022ADCP021R00_20100622.50.1",306
"115",36.972121,-122.15845,"2010-10-28","2011-01-21","doi:10.6085/AA/SHB001_021ADCP020R00_20101028.50.1",307
"116",36.62185,-121.898647,"2007-10-25","2008-01-23","doi:10.6085/AA/HMS001_020ADCP019R00_20071025.50.1",319
"117",36.558,-121.9448,"2008-02-08","2008-04-26","doi:10.6085/AA/SWC001_022ADCP021R00_20080208.50.1",320
"118",36.62185,-121.898647,"2009-04-06","2009-06-30","doi:10.6085/AA/HMS001_020ADCP019R00_20090406.50.1",321
"119",36.558,-121.9448,"2007-08-31","2007-11-15","doi:10.6085/AA/SWC001_022ADCP021R00_20070831.50.1",323
"120",36.558,-121.9448,"2008-02-08","2008-04-26","doi:10.6085/AA/SWC001_022ADCP021R00_20080208.50.1",324
"121",36.558,-121.9448,"2009-03-11","2009-06-10","doi:10.6085/AA/SWC001_022ADCP021R00_20090311.50.1",325
"122",36.5589,-121.9448,"2002-11-05","2003-02-07","doi:10.6085/AA/SWC001_022ADCP021R00_20021105.50.1",327
"123",36.5589,-121.9448,"2003-02-07","2003-05-01","doi:10.6085/AA/SWC001_022ADCP021R00_20030207.50.1",328
"124",36.5589,-121.9448,"2003-02-07","2003-05-01","doi:10.6085/AA/SWC001_022ADCP021R00_20030207.50.1",329
"125",36.5589,-121.9448,"2003-05-01","2003-07-30","doi:10.6085/AA/SWC001_022ADCP021R00_20030501.50.1",330
"126",36.5589,-121.9448,"2003-10-26","2004-01-16","doi:10.6085/AA/SWC001_022ADCP021R00_20031026.50.1",331
"127",36.5589,-121.9448,"2004-01-16","2004-04-11","doi:10.6085/AA/SWC001_022ADCP021R00_20040116.50.1",332
"128",36.5589,-121.9448,"2004-04-11","2004-07-09","doi:10.6085/AA/SWC001_022ADCP021R00_20040409.50.1",333
"129",36.5589,-121.9448,"2004-10-12","2005-01-06","doi:10.6085/AA/SWC001_022ADCP021R00_20041012.50.1",334
"130",36.5589,-121.9448,"2005-01-06","2005-04-05","doi:10.6085/AA/SWC001_022ADCP021R00_20050106.50.1",335
"131",36.5589,-121.9448,"2005-07-01","2005-09-28","doi:10.6085/AA/SWC001_022ADCP021R00_20050701.50.1",336
"132",36.5589,-121.9448,"2005-09-28","2005-12-29","doi:10.6085/AA/SWC001_022ADCP021R00_20050928.50.1",337
"133",36.5589,-121.9448,"2006-01-09","2006-04-06","doi:10.6085/AA/SWC001_022ADCP021R00_20060109.50.1",338
"134",36.5589,-121.9448,"2006-07-05","2006-09-29","doi:10.6085/AA/SWC001_022ADCP021R00_20060705.50.1",339
"135",36.5589,-121.9448,"2006-09-29","2006-12-21","doi:10.6085/AA/SWC001_022ADCP021R00_20060929.50.1",340
"136",36.5589,-121.9448,"2007-03-14","2007-06-06","doi:10.6085/AA/SWC001_022ADCP021R00_20070314.50.1",341
"137",36.558,-121.9448,"2007-06-06","2007-08-31","doi:10.6085/AA/SWC001_022ADCP021R00_20070606.50.1",342
"138",36.558,-121.9448,"2007-12-05","2008-01-04","doi:10.6085/AA/SWC001_022ADCP021R00_20071205.50.1",343
"139",36.558,-121.9448,"2008-02-08","2008-04-26","doi:10.6085/AA/SWC001_022ADCP021R00_20080208.50.1",344
"140",36.558,-121.9448,"2008-04-29","2008-07-25","doi:10.6085/AA/SWC001_022ADCP021R00_20080429.50.1",345
"141",36.62185,-121.898647,"2008-10-07","2009-01-06","doi:10.6085/AA/HMS001_020ADCP019R00_20081007.50.1",346
"142",36.558,-121.9448,"2008-12-18","2009-03-11","doi:10.6085/AA/SWC001_022ADCP021R00_20081218.50.1",347
"143",36.558,-121.9448,"2009-06-10","2009-09-08","doi:10.6085/AA/SWC001_022ADCP021R00_20090610.50.1",348
"144",36.558,-121.9448,"2009-09-08","2009-11-24","doi:10.6085/AA/SWC001_022ADCP021R00_20090908.50.1",349
"145",36.558,-121.9448,"2010-03-04","2010-06-22","doi:10.6085/AA/SWC001_022ADCP021R00_20100304.50.1",350
"146",36.558,-121.9448,"2010-06-22","2010-09-29","doi:10.6085/AA/SWC001_022ADCP021R00_20100622.50.1",351
"147",36.972121,-122.15845,"2010-10-28","2011-01-21","doi:10.6085/AA/SHB001_021ADCP020R00_20101028.50.1",352
"148",36.558,-121.9448,"2002-11-05","2003-02-07","doi:10.6085/AA/SWC001_022ADCP021R00_20021105.50.3",361
"149",36.558,-121.9448,"2003-02-07","2003-05-01","doi:10.6085/AA/SWC001_022ADCP021R00_20030207.50.2",362
"150",36.558,-121.9448,"2003-05-01","2003-07-30","doi:10.6085/AA/SWC001_022ADCP021R00_20030501.50.3",363
"151",36.558,-121.9448,"2003-10-26","2004-01-16","doi:10.6085/AA/SWC001_022ADCP021R00_20031026.50.2",364
"152",36.558,-121.9448,"2004-01-16","2004-04-11","doi:10.6085/AA/SWC001_022ADCP021R00_20040116.50.4",365
"153",36.558,-121.9448,"2004-04-11","2004-07-09","doi:10.6085/AA/SWC001_022ADCP021R00_20040409.50.2",366
"154",36.558,-121.9448,"2004-10-12","2005-01-06","doi:10.6085/AA/SWC001_022ADCP021R00_20041012.50.4",367
"155",36.558,-121.9448,"2005-04-05","2005-07-01","doi:10.6085/AA/SWC001_022ADCP021R00_20050405.50.4",368
"156",36.558,-121.9448,"2005-07-01","2005-09-28","doi:10.6085/AA/SWC001_022ADCP021R00_20050701.50.4",369
"157",36.558,-121.9448,"2005-09-28","2005-12-29","doi:10.6085/AA/SWC001_022ADCP021R00_20050928.50.2",370
"158",36.558,-121.9448,"2005-09-28","2005-12-29","doi:10.6085/AA/SWC001_022ADCP021R00_20050928.50.2",371
"159",36.558,-121.9448,"2006-01-09","2006-04-06","doi:10.6085/AA/SWC001_022ADCP021R00_20060109.50.4",372
"160",36.558,-121.9448,"2006-07-05","2006-09-29","doi:10.6085/AA/SWC001_022ADCP021R00_20060705.50.2",373
"161",36.558,-121.9448,"2006-09-29","2006-12-21","doi:10.6085/AA/SWC001_022ADCP021R00_20060929.50.4",374
"162",36.558,-121.9448,"2007-03-14","2007-06-06","doi:10.6085/AA/SWC001_022ADCP021R00_20070314.50.2",375
"163",36.558,-121.9448,"2007-06-06","2007-08-31","doi:10.6085/AA/SWC001_022ADCP021R00_20070606.50.1",376
"164",36.558,-121.9448,"2007-12-05","2008-01-04","doi:10.6085/AA/SWC001_022ADCP021R00_20071205.50.1",377
"165",36.558,-121.9448,"2008-02-08","2008-04-26","doi:10.6085/AA/SWC001_022ADCP021R00_20080208.50.1",378
"166",36.558,-121.9448,"2008-04-29","2008-07-25","doi:10.6085/AA/SWC001_022ADCP021R00_20080429.50.1",379
"167",36.558,-121.9448,"2008-10-20","2008-11-20","doi:10.6085/AA/SWC001_022ADCP021R00_20081020.50.1",380
"168",36.558,-121.9448,"2009-03-11","2009-06-10","doi:10.6085/AA/SWC001_022ADCP021R00_20090311.50.1",381
"169",36.558,-121.9448,"2009-06-10","2009-09-08","doi:10.6085/AA/SWC001_022ADCP021R00_20090610.50.1",382
"170",36.558,-121.9448,"2009-09-08","2009-11-24","doi:10.6085/AA/SWC001_022ADCP021R00_20090908.50.1",383
"171",36.558,-121.9448,"2010-03-04","2010-06-22","doi:10.6085/AA/SWC001_022ADCP021R00_20100304.50.1",384
"172",36.558,-121.9448,"2010-06-22","2010-09-29","doi:10.6085/AA/SWC001_022ADCP021R00_20100622.50.1",385
"173",36.972121,-122.15845,"2010-10-28","2011-01-21","doi:10.6085/AA/SHB001_021ADCP020R00_20101028.50.1",386
"174",36.558,-121.9448,"2007-08-31","2007-11-15","doi:10.6085/AA/SWC001_022ADCP021R00_20070831.50.1",395
"175",36.558,-121.9448,"2008-02-08","2008-04-26","doi:10.6085/AA/SWC001_022ADCP021R00_20080208.50.1",396
"176",36.558,-121.9448,"2009-03-11","2009-06-10","doi:10.6085/AA/SWC001_022ADCP021R00_20090311.50.1",397
"177",36.558,-121.9448,"2002-11-05","2003-02-07","doi:10.6085/AA/SWC001_022ADCP021R00_20021105.50.3",399
"178",36.558,-121.9448,"2003-02-07","2003-05-01","doi:10.6085/AA/SWC001_022ADCP021R00_20030207.50.2",400
"179",36.558,-121.9448,"2003-02-07","2003-05-01","doi:10.6085/AA/SWC001_022ADCP021R00_20030207.50.2",401
"180",36.558,-121.9448,"2003-05-01","2003-07-30","doi:10.6085/AA/SWC001_022ADCP021R00_20030501.50.3",402
"181",36.558,-121.9448,"2003-10-26","2004-01-16","doi:10.6085/AA/SWC001_022ADCP021R00_20031026.50.2",403
"182",36.558,-121.9448,"2004-01-16","2004-04-11","doi:10.6085/AA/SWC001_022ADCP021R00_20040116.50.4",404
"183",36.558,-121.9448,"2004-04-11","2004-07-09","doi:10.6085/AA/SWC001_022ADCP021R00_20040409.50.2",405
"184",36.558,-121.9448,"2004-10-12","2005-01-06","doi:10.6085/AA/SWC001_022ADCP021R00_20041012.50.4",406
"185",36.558,-121.9448,"2005-01-06","2005-04-05","doi:10.6085/AA/SWC001_022ADCP021R00_20050106.50.3",407
"186",36.558,-121.9448,"2005-07-01","2005-09-28","doi:10.6085/AA/SWC001_022ADCP021R00_20050701.50.4",408
"187",36.558,-121.9448,"2005-09-28","2005-12-29","doi:10.6085/AA/SWC001_022ADCP021R00_20050928.50.2",409
"188",36.558,-121.9448,"2005-09-28","2005-12-29","doi:10.6085/AA/SWC001_022ADCP021R00_20050928.50.2",410
"189",36.558,-121.9448,"2006-01-09","2006-04-06","doi:10.6085/AA/SWC001_022ADCP021R00_20060109.50.4",411
"190",36.558,-121.9448,"2006-07-05","2006-09-29","doi:10.6085/AA/SWC001_022ADCP021R00_20060705.50.2",412
"191",36.558,-121.9448,"2006-09-29","2006-12-21","doi:10.6085/AA/SWC001_022ADCP021R00_20060929.50.4",413
"192",36.558,-121.9448,"2006-09-29","2006-12-21","doi:10.6085/AA/SWC001_022ADCP021R00_20060929.50.4",414
"193",36.558,-121.9448,"2006-09-29","2006-12-21","doi:10.6085/AA/SWC001_022ADCP021R00_20060929.50.4",415
"194",36.558,-121.9448,"2007-03-14","2007-06-06","doi:10.6085/AA/SWC001_022ADCP021R00_20070314.50.2",416
"195",36.558,-121.9448,"2007-06-06","2007-08-31","doi:10.6085/AA/SWC001_022ADCP021R00_20070606.50.1",417
"196",36.558,-121.9448,"2007-11-15","2007-12-05","doi:10.6085/AA/SWC001_022ADCP021R00_20071115.50.1",418
"197",36.558,-121.9448,"2008-02-08","2008-04-26","doi:10.6085/AA/SWC001_022ADCP021R00_20080208.50.1",419
"198",36.558,-121.9448,"2008-04-29","2008-07-25","doi:10.6085/AA/SWC001_022ADCP021R00_20080429.50.1",420
"199",36.62185,-121.898647,"2008-10-07","2009-01-06","doi:10.6085/AA/HMS001_020ADCP019R00_20081007.50.1",421
"200",36.558,-121.9448,"2008-12-18","2009-03-11","doi:10.6085/AA/SWC001_022ADCP021R00_20081218.50.1",422
"201",36.558,-121.9448,"2009-06-10","2009-09-08","doi:10.6085/AA/SWC001_022ADCP021R00_20090610.50.1",423
"202",36.558,-121.9448,"2009-09-08","2009-11-24","doi:10.6085/AA/SWC001_022ADCP021R00_20090908.50.1",424
"203",36.558,-121.9448,"2009-09-08","2009-11-24","doi:10.6085/AA/SWC001_022ADCP021R00_20090908.50.1",425
"204",36.558,-121.9448,"2010-03-04","2010-06-22","doi:10.6085/AA/SWC001_022ADCP021R00_20100304.50.1",426
"205",36.558,-121.9448,"2010-06-22","2010-09-29","doi:10.6085/AA/SWC001_022ADCP021R00_20100622.50.1",427
"206",36.972121,-122.15845,"2010-10-28","2011-01-21","doi:10.6085/AA/SHB001_021ADCP020R00_20101028.50.1",428
"207",36.558,-121.9448,"2002-11-05","2003-02-07","doi:10.6085/AA/SWC001_022ADCP021R00_20021105.50.3",437
"208",36.558,-121.9448,"2003-02-07","2003-05-01","doi:10.6085/AA/SWC001_022ADCP021R00_20030207.50.2",438
"209",36.558,-121.9448,"2003-05-01","2003-07-30","doi:10.6085/AA/SWC001_022ADCP021R00_20030501.50.3",439
"210",36.558,-121.9448,"2003-10-26","2004-01-16","doi:10.6085/AA/SWC001_022ADCP021R00_20031026.50.2",440
"211",36.558,-121.9448,"2004-04-11","2004-07-09","doi:10.6085/AA/SWC001_022ADCP021R00_20040409.50.2",441
"212",36.558,-121.9448,"2004-01-16","2004-04-11","doi:10.6085/AA/SWC001_022ADCP021R00_20040116.50.4",442
"213",36.558,-121.9448,"2004-04-11","2004-07-09","doi:10.6085/AA/SWC001_022ADCP021R00_20040409.50.2",443
"214",36.558,-121.9448,"2004-10-12","2005-01-06","doi:10.6085/AA/SWC001_022ADCP021R00_20041012.50.4",444
"215",36.558,-121.9448,"2004-10-12","2005-01-06","doi:10.6085/AA/SWC001_022ADCP021R00_20041012.50.4",445
"216",36.558,-121.9448,"2005-04-05","2005-07-01","doi:10.6085/AA/SWC001_022ADCP021R00_20050405.50.4",446
"217",36.558,-121.9448,"2005-07-01","2005-09-28","doi:10.6085/AA/SWC001_022ADCP021R00_20050701.50.4",447
"218",36.558,-121.9448,"2005-09-28","2005-12-29","doi:10.6085/AA/SWC001_022ADCP021R00_20050928.50.2",448
"219",36.558,-121.9448,"2005-09-28","2005-12-29","doi:10.6085/AA/SWC001_022ADCP021R00_20050928.50.2",449
"220",36.558,-121.9448,"2006-01-09","2006-04-06","doi:10.6085/AA/SWC001_022ADCP021R00_20060109.50.4",450
"221",36.558,-121.9448,"2006-07-05","2006-09-29","doi:10.6085/AA/SWC001_022ADCP021R00_20060705.50.2",451
"222",36.558,-121.9448,"2006-09-29","2006-12-21","doi:10.6085/AA/SWC001_022ADCP021R00_20060929.50.4",452
"223",36.558,-121.9448,"2007-03-14","2007-06-06","doi:10.6085/AA/SWC001_022ADCP021R00_20070314.50.2",453
"224",36.558,-121.9448,"2007-03-14","2007-06-06","doi:10.6085/AA/SWC001_022ADCP021R00_20070314.50.2",454
"225",36.558,-121.9448,"2007-06-06","2007-08-31","doi:10.6085/AA/SWC001_022ADCP021R00_20070606.50.1",455
"226",36.558,-121.9448,"2008-02-08","2008-04-26","doi:10.6085/AA/SWC001_022ADCP021R00_20080208.50.1",456
"227",36.558,-121.9448,"2008-04-29","2008-07-25","doi:10.6085/AA/SWC001_022ADCP021R00_20080429.50.1",457
"228",36.558,-121.9448,"2008-10-20","2008-11-20","doi:10.6085/AA/SWC001_022ADCP021R00_20081020.50.1",458
"229",36.558,-121.9448,"2008-10-20","2008-11-20","doi:10.6085/AA/SWC001_022ADCP021R00_20081020.50.1",459
"230",36.558,-121.9448,"2008-12-18","2009-03-11","doi:10.6085/AA/SWC001_022ADCP021R00_20081218.50.1",460
"231",36.558,-121.9448,"2009-06-10","2009-09-08","doi:10.6085/AA/SWC001_022ADCP021R00_20090610.50.1",461
"232",36.558,-121.9448,"2009-09-08","2009-11-24","doi:10.6085/AA/SWC001_022ADCP021R00_20090908.50.1",462
"233",36.558,-121.9448,"2010-03-04","2010-06-22","doi:10.6085/AA/SWC001_022ADCP021R00_20100304.50.1",463
"234",36.558,-121.9448,"2010-03-04","2010-06-22","doi:10.6085/AA/SWC001_022ADCP021R00_20100304.50.1",464
"235",36.558,-121.9448,"2010-06-22","2010-09-29","doi:10.6085/AA/SWC001_022ADCP021R00_20100622.50.1",465
"236",36.972121,-122.15845,"2010-10-28","2011-01-21","doi:10.6085/AA/SHB001_021ADCP020R00_20101028.50.1",466
"237",36.972121,-122.15845,"2010-10-28","2011-01-21","doi:10.6085/AA/SHB001_021ADCP020R00_20101028.50.1",467
"238",34.86919,-120.63583,"2010-10-19","2011-07-29","doi:10.6085/AA/PTSXXX_015ADCP015R00_20101019.50.1",468
"239",34.86919,-120.63583,"2010-10-19","2011-07-29","doi:10.6085/AA/PTSXXX_015ADCP015R00_20101019.50.1",469
"240",36.62185,-121.898647,"2002-11-04","2003-02-09","doi:10.6085/AA/HMS001_020ADCP019R00_20021103.50.3",479
"241",36.558,-121.9448,"2003-02-07","2003-05-01","doi:10.6085/AA/SWC001_022ADCP021R00_20030207.50.2",480
"242",36.558,-121.9448,"2003-05-01","2003-07-30","doi:10.6085/AA/SWC001_022ADCP021R00_20030501.50.3",481
"243",36.62185,-121.898647,"2003-10-24","2004-01-21","doi:10.6085/AA/HMS001_020ADCP019R00_20031024.50.2",482
"244",36.558,-121.9448,"2004-01-16","2004-04-11","doi:10.6085/AA/SWC001_022ADCP021R00_20040116.50.4",483
"245",36.558,-121.9448,"2004-07-09","2004-10-12","doi:10.6085/AA/SWC001_022ADCP021R00_20040709.50.4",484
"246",36.558,-121.9448,"2004-10-12","2005-01-06","doi:10.6085/AA/SWC001_022ADCP021R00_20041012.50.4",485
"247",36.558,-121.9448,"2005-01-06","2005-04-05","doi:10.6085/AA/SWC001_022ADCP021R00_20050106.50.3",486
"248",36.558,-121.9448,"2005-07-01","2005-09-28","doi:10.6085/AA/SWC001_022ADCP021R00_20050701.50.4",487
"249",36.558,-121.9448,"2005-09-28","2005-12-29","doi:10.6085/AA/SWC001_022ADCP021R00_20050928.50.2",488
"250",36.558,-121.9448,"2006-01-09","2006-04-06","doi:10.6085/AA/SWC001_022ADCP021R00_20060109.50.4",489
"251",36.558,-121.9448,"2006-07-05","2006-09-29","doi:10.6085/AA/SWC001_022ADCP021R00_20060705.50.2",490
"252",36.558,-121.9448,"2006-09-29","2006-12-21","doi:10.6085/AA/SWC001_022ADCP021R00_20060929.50.4",491
"253",36.558,-121.9448,"2007-03-14","2007-06-06","doi:10.6085/AA/SWC001_022ADCP021R00_20070314.50.2",492
"254",36.558,-121.9448,"2007-06-06","2007-08-31","doi:10.6085/AA/SWC001_022ADCP021R00_20070606.50.1",493
"255",36.558,-121.9448,"2007-08-31","2007-11-15","doi:10.6085/AA/SWC001_022ADCP021R00_20070831.50.1",494
"256",36.558,-121.9448,"2008-02-08","2008-04-26","doi:10.6085/AA/SWC001_022ADCP021R00_20080208.50.1",495
"257",36.558,-121.9448,"2008-04-29","2008-07-25","doi:10.6085/AA/SWC001_022ADCP021R00_20080429.50.1",496
"258",36.558,-121.9448,"2008-10-20","2008-11-20","doi:10.6085/AA/SWC001_022ADCP021R00_20081020.50.1",497
"259",36.558,-121.9448,"2008-12-18","2009-03-11","doi:10.6085/AA/SWC001_022ADCP021R00_20081218.50.1",498
"260",36.558,-121.9448,"2009-06-10","2009-09-08","doi:10.6085/AA/SWC001_022ADCP021R00_20090610.50.1",499
"261",36.558,-121.9448,"2009-09-08","2009-11-24","doi:10.6085/AA/SWC001_022ADCP021R00_20090908.50.1",500
"262",36.558,-121.9448,"2010-03-04","2010-06-22","doi:10.6085/AA/SWC001_022ADCP021R00_20100304.50.1",501
"263",36.558,-121.9448,"2010-06-22","2010-09-29","doi:10.6085/AA/SWC001_022ADCP021R00_20100622.50.1",502
"264",34.86919,-120.63583,"2010-10-19","2011-07-29","doi:10.6085/AA/PTSXXX_015ADCP015R00_20101019.50.1",503
"265",34.86919,-120.63583,"2010-10-19","2011-07-29","doi:10.6085/AA/PTSXXX_015ADCP015R00_20101019.50.1",504
"266",34.86919,-120.63583,"2011-07-29","2011-11-20","doi:10.6085/AA/PTSXXX_015ADCP015R00_20110729.50.1",505
"267",34.869817,-120.63535,"2007-08-02","2007-11-02","doi:10.6085/AA/PTSXXX_015ADCP015R00_20070802.50.1",517
"268",34.86919,-120.63583,"2008-02-19","2008-05-16","doi:10.6085/AA/PTSXXX_015ADCP015R00_20080219.50.1",518
"269",34.86919,-120.63583,"2009-04-08","2009-07-15","doi:10.6085/AA/PTSXXX_015ADCP015R00_20090408.50.1",519
"270",34.86919,-120.63583,"2011-07-29","2011-11-20","doi:10.6085/AA/PTSXXX_015ADCP015R00_20110729.50.1",520
"271",34.869817,-120.63535,"2007-08-02","2007-11-02","doi:10.6085/AA/PTSXXX_015ADCP015R00_20070802.50.1",521
"272",34.86919,-120.63583,"2008-02-19","2008-05-16","doi:10.6085/AA/PTSXXX_015ADCP015R00_20080219.50.1",522
"273",34.86919,-120.63583,"2009-04-08","2009-07-15","doi:10.6085/AA/PTSXXX_015ADCP015R00_20090408.50.1",523
"274",34.869817,-120.63535,"2007-08-02","2007-11-02","doi:10.6085/AA/PTSXXX_015ADCP015R00_20070802.50.1",525
"275",34.86919,-120.63583,"2008-02-19","2008-05-16","doi:10.6085/AA/PTSXXX_015ADCP015R00_20080219.50.1",526
"276",34.86919,-120.63583,"2009-04-08","2009-07-15","doi:10.6085/AA/PTSXXX_015ADCP015R00_20090408.50.1",527
"277",34.869817,-120.63535,"2002-08-29","2002-11-20","doi:10.6085/AA/PTSXXX_015ADCP015R00_20020829.50.1",529
"278",34.726483,-120.6268,"2002-11-27","2003-03-12","doi:10.6085/AA/PURXXX_015ADCP015R00_20021127.50.1",530
"279",34.869817,-120.63535,"2003-05-29","2003-08-23","doi:10.6085/AA/PTSXXX_015ADCP015R00_20030529.50.1",531
"280",34.869817,-120.63535,"2003-09-02","2003-11-06","doi:10.6085/AA/PTSXXX_015ADCP015R00_20030902.50.1",532
"281",34.869817,-120.63535,"2004-02-12","2004-05-05","doi:10.6085/AA/PTSXXX_015ADCP015R00_20040212.50.1",533
"282",34.869817,-120.63535,"2004-05-26","2004-07-28","doi:10.6085/AA/PTSXXX_015ADCP015R00_20040526.50.1",534
"283",34.869817,-120.63535,"2004-08-19","2004-11-13","doi:10.6085/AA/PTSXXX_015ADCP015R00_20040819.50.1",535
"284",34.869817,-120.63535,"2005-02-26","2005-05-24","doi:10.6085/AA/PTSXXX_015ADCP015R00_20050226.50.1",536
"285",34.46175,-120.290033,"2005-06-14","2005-09-06","doi:10.6085/AA/ALEXXX_015ADCP015R00_20050614.50.1",537
"286",34.869817,-120.63535,"2005-07-27","2005-10-21","doi:10.6085/AA/PTSXXX_015ADCP015R00_20050727.50.1",538
"287",34.46175,-120.290033,"2006-06-12","2006-09-21","doi:10.6085/AA/ALEXXX_015ADCP015R00_20060612.50.1",540
"288",34.46175,-120.290033,"2006-09-21","2006-12-07","doi:10.6085/AA/ALEXXX_015ADCP015R00_20060921.50.1",541
"289",34.869817,-120.63535,"2007-03-05","2007-06-10","doi:10.6085/AA/PTSXXX_015ADCP015R00_20070305.50.1",542
"290",34.869817,-120.63535,"2007-08-02","2007-11-02","doi:10.6085/AA/PTSXXX_015ADCP015R00_20070802.50.1",544
"291",34.86919,-120.63583,"2008-02-19","2008-05-16","doi:10.6085/AA/PTSXXX_015ADCP015R00_20080219.50.1",545
"292",34.86919,-120.63583,"2008-05-16","2008-09-15","doi:10.6085/AA/PTSXXX_015ADCP015R00_20080516.50.1",546
"293",34.86919,-120.63583,"2008-09-30","2008-11-17","doi:10.6085/AA/PTSXXX_015ADCP015R00_20080930.50.1",547
"294",34.86919,-120.63583,"2008-11-17","2009-03-09","doi:10.6085/AA/PTSXXX_015ADCP015R00_20081117.50.1",548
"295",34.86919,-120.63583,"2009-04-08","2009-07-15","doi:10.6085/AA/PTSXXX_015ADCP015R00_20090408.50.1",549
"296",34.86919,-120.63583,"2009-07-15","2009-11-03","doi:10.6085/AA/PTSXXX_015ADCP015R00_20090715.50.1",550
"297",34.86919,-120.63583,"2009-11-03","2010-08-13","doi:10.6085/AA/PTSXXX_015ADCP015R00_20091103.50.1",551
"298",34.86919,-120.63583,"2009-11-03","2010-08-13","doi:10.6085/AA/PTSXXX_015ADCP015R00_20091103.50.1",552
"299",34.86919,-120.63583,"2010-10-19","2011-07-29","doi:10.6085/AA/PTSXXX_015ADCP015R00_20101019.50.1",553
"300",34.86919,-120.63583,"2010-10-19","2011-07-29","doi:10.6085/AA/PTSXXX_015ADCP015R00_20101019.50.1",554
"301",34.86919,-120.63583,"2011-07-29","2011-11-20","doi:10.6085/AA/PTSXXX_015ADCP015R00_20110729.50.1",555
"302",34.869817,-120.63535,"2002-08-29","2002-11-20","doi:10.6085/AA/PTSXXX_015ADCP015R00_20020829.50.1",568
"303",34.726483,-120.6268,"2002-11-27","2003-03-12","doi:10.6085/AA/PURXXX_015ADCP015R00_20021127.50.1",569
"304",34.869817,-120.63535,"2003-05-29","2003-08-23","doi:10.6085/AA/PTSXXX_015ADCP015R00_20030529.50.1",570
"305",34.869817,-120.63535,"2003-09-02","2003-11-06","doi:10.6085/AA/PTSXXX_015ADCP015R00_20030902.50.1",571
"306",34.869817,-120.63535,"2004-02-12","2004-05-05","doi:10.6085/AA/PTSXXX_015ADCP015R00_20040212.50.1",572
"307",34.869817,-120.63535,"2004-02-12","2004-05-05","doi:10.6085/AA/PTSXXX_015ADCP015R00_20040212.50.1",573
"308",34.869817,-120.63535,"2004-05-26","2004-07-28","doi:10.6085/AA/PTSXXX_015ADCP015R00_20040526.50.1",574
"309",34.869817,-120.63535,"2004-08-19","2004-11-13","doi:10.6085/AA/PTSXXX_015ADCP015R00_20040819.50.1",575
"310",34.869817,-120.63535,"2005-02-26","2005-05-24","doi:10.6085/AA/PTSXXX_015ADCP015R00_20050226.50.1",576
"311",34.46175,-120.290033,"2005-06-14","2005-09-06","doi:10.6085/AA/ALEXXX_015ADCP015R00_20050614.50.1",577
"312",34.869817,-120.63535,"2005-07-27","2005-10-21","doi:10.6085/AA/PTSXXX_015ADCP015R00_20050727.50.1",578
"313",34.46175,-120.290033,"2006-06-12","2006-09-21","doi:10.6085/AA/ALEXXX_015ADCP015R00_20060612.50.1",580
"314",34.46175,-120.290033,"2006-09-21","2006-12-07","doi:10.6085/AA/ALEXXX_015ADCP015R00_20060921.50.1",581
"315",34.869817,-120.63535,"2007-03-05","2007-06-10","doi:10.6085/AA/PTSXXX_015ADCP015R00_20070305.50.1",582
"316",34.01501,-120.3325,"2007-05-07","2007-07-30","doi:10.6085/AA/SMSXXX_015ADCP015R00_20070507.50.1",583
"317",34.869817,-120.63535,"2007-08-02","2007-11-02","doi:10.6085/AA/PTSXXX_015ADCP015R00_20070802.50.1",584
"318",34.86919,-120.63583,"2008-02-19","2008-05-16","doi:10.6085/AA/PTSXXX_015ADCP015R00_20080219.50.1",585
"319",34.86919,-120.63583,"2008-05-16","2008-09-15","doi:10.6085/AA/PTSXXX_015ADCP015R00_20080516.50.1",586
"320",34.86919,-120.63583,"2008-09-30","2008-11-17","doi:10.6085/AA/PTSXXX_015ADCP015R00_20080930.50.1",587
"321",34.72602,-120.6276,"2008-11-17","2009-03-22","doi:10.6085/AA/PURXXX_015ADCP015R00_20081117.50.1",588
"322",34.86919,-120.63583,"2009-04-08","2009-07-15","doi:10.6085/AA/PTSXXX_015ADCP015R00_20090408.50.1",589
"323",34.86919,-120.63583,"2009-07-15","2009-11-03","doi:10.6085/AA/PTSXXX_015ADCP015R00_20090715.50.1",590
"324",34.86919,-120.63583,"2009-11-03","2010-08-13","doi:10.6085/AA/PTSXXX_015ADCP015R00_20091103.50.1",591
"325",34.86919,-120.63583,"2009-11-03","2010-08-13","doi:10.6085/AA/PTSXXX_015ADCP015R00_20091103.50.1",592
"326",34.86919,-120.63583,"2010-10-19","2011-07-29","doi:10.6085/AA/PTSXXX_015ADCP015R00_20101019.50.1",593
"327",34.86919,-120.63583,"2010-10-19","2011-07-29","doi:10.6085/AA/PTSXXX_015ADCP015R00_20101019.50.1",594
"328",34.86919,-120.63583,"2011-07-29","2011-11-20","doi:10.6085/AA/PTSXXX_015ADCP015R00_20110729.50.1",595
"329",34.86919,-120.63583,"2007-11-05","2008-02-19","doi:10.6085/AA/PTSXXX_015ADCP015R00_20071105.50.1",607
"330",34.86919,-120.63583,"2008-02-19","2008-05-16","doi:10.6085/AA/PTSXXX_015ADCP015R00_20080219.50.1",608
"331",34.86919,-120.63583,"2009-04-08","2009-07-15","doi:10.6085/AA/PTSXXX_015ADCP015R00_20090408.50.1",609
"332",34.46175,-120.290033,"2002-08-29","2002-11-23","doi:10.6085/AA/ALEXXX_015ADCP015R00_20020829.50.1",612
"333",34.726483,-120.6268,"2002-11-27","2003-03-12","doi:10.6085/AA/PURXXX_015ADCP015R00_20021127.50.1",613
"334",34.869817,-120.63535,"2003-05-29","2003-08-23","doi:10.6085/AA/PTSXXX_015ADCP015R00_20030529.50.1",614
"335",34.869817,-120.63535,"2003-09-02","2003-11-06","doi:10.6085/AA/PTSXXX_015ADCP015R00_20030902.50.1",615
"336",34.869817,-120.63535,"2004-02-12","2004-05-05","doi:10.6085/AA/PTSXXX_015ADCP015R00_20040212.50.1",616
"337",34.869817,-120.63535,"2004-05-26","2004-07-28","doi:10.6085/AA/PTSXXX_015ADCP015R00_20040526.50.1",617
"338",34.869817,-120.63535,"2004-08-19","2004-11-13","doi:10.6085/AA/PTSXXX_015ADCP015R00_20040819.50.1",618
"339",34.869817,-120.63535,"2005-02-26","2005-05-24","doi:10.6085/AA/PTSXXX_015ADCP015R00_20050226.50.1",619
"340",34.46175,-120.290033,"2005-06-14","2005-09-06","doi:10.6085/AA/ALEXXX_015ADCP015R00_20050614.50.1",620
"341",34.869817,-120.63535,"2005-11-01","2006-02-22","doi:10.6085/AA/PTSXXX_015ADCP015R00_20051101.50.1",621
"342",34.03849,-120.03137,"2006-01-25","2006-04-20","doi:10.6085/AA/BEAXXX_015ADCP015ROO_20060125.50.10",622
"343",34.46175,-120.290033,"2006-06-12","2006-09-21","doi:10.6085/AA/ALEXXX_015ADCP015R00_20060612.50.1",623
"344",34.46175,-120.290033,"2006-09-21","2006-12-07","doi:10.6085/AA/ALEXXX_015ADCP015R00_20060921.50.1",624
"345",34.869817,-120.63535,"2007-03-05","2007-06-10","doi:10.6085/AA/PTSXXX_015ADCP015R00_20070305.50.1",625
"346",34.869817,-120.63535,"2007-03-05","2007-06-10","doi:10.6085/AA/PTSXXX_015ADCP015R00_20070305.50.1",626
"347",34.01501,-120.3325,"2007-05-07","2007-07-30","doi:10.6085/AA/SMSXXX_015ADCP015R00_20070507.50.1",627
"348",34.869817,-120.63535,"2007-08-02","2007-11-02","doi:10.6085/AA/PTSXXX_015ADCP015R00_20070802.50.1",628
"349",34.86919,-120.63583,"2008-02-19","2008-05-16","doi:10.6085/AA/PTSXXX_015ADCP015R00_20080219.50.1",629
"350",34.86919,-120.63583,"2008-05-16","2008-09-15","doi:10.6085/AA/PTSXXX_015ADCP015R00_20080516.50.1",630
"351",34.86919,-120.63583,"2008-09-30","2008-11-17","doi:10.6085/AA/PTSXXX_015ADCP015R00_20080930.50.1",631
"352",34.72602,-120.6276,"2008-11-17","2009-03-22","doi:10.6085/AA/PURXXX_015ADCP015R00_20081117.50.1",632
"353",34.86919,-120.63583,"2009-04-08","2009-07-15","doi:10.6085/AA/PTSXXX_015ADCP015R00_20090408.50.1",633
"354",34.86919,-120.63583,"2009-11-03","2010-08-13","doi:10.6085/AA/PTSXXX_015ADCP015R00_20091103.50.1",634
"355",34.86919,-120.63583,"2009-11-03","2010-08-13","doi:10.6085/AA/PTSXXX_015ADCP015R00_20091103.50.1",635
"356",34.86919,-120.63583,"2009-11-03","2010-08-13","doi:10.6085/AA/PTSXXX_015ADCP015R00_20091103.50.1",636
"357",34.86919,-120.63583,"2010-10-19","2011-07-29","doi:10.6085/AA/PTSXXX_015ADCP015R00_20101019.50.1",637
"358",34.86919,-120.63583,"2010-10-19","2011-07-29","doi:10.6085/AA/PTSXXX_015ADCP015R00_20101019.50.1",638
"359",34.86919,-120.63583,"2011-07-29","2011-11-20","doi:10.6085/AA/PTSXXX_015ADCP015R00_20110729.50.1",639
"360",34.869817,-120.63535,"2002-08-29","2002-11-20","doi:10.6085/AA/PTSXXX_015ADCP015R00_20020829.50.1",651
"361",34.726483,-120.6268,"2002-11-27","2003-03-12","doi:10.6085/AA/PURXXX_015ADCP015R00_20021127.50.1",652
"362",34.869817,-120.63535,"2003-05-29","2003-08-23","doi:10.6085/AA/PTSXXX_015ADCP015R00_20030529.50.1",653
"363",34.869817,-120.63535,"2003-11-12","2003-11-30","doi:10.6085/AA/PTSXXX_015ADCP015R00_20031112.50.1",654
"364",34.869817,-120.63535,"2004-02-12","2004-05-05","doi:10.6085/AA/PTSXXX_015ADCP015R00_20040212.50.1",655
"365",34.869817,-120.63535,"2004-05-26","2004-07-28","doi:10.6085/AA/PTSXXX_015ADCP015R00_20040526.50.1",656
"366",34.869817,-120.63535,"2004-08-19","2004-11-13","doi:10.6085/AA/PTSXXX_015ADCP015R00_20040819.50.1",657
"367",34.869817,-120.63535,"2005-02-26","2005-05-24","doi:10.6085/AA/PTSXXX_015ADCP015R00_20050226.50.1",658
"368",34.46175,-120.290033,"2005-06-14","2005-09-06","doi:10.6085/AA/ALEXXX_015ADCP015R00_20050614.50.1",659
"369",34.869817,-120.63535,"2005-11-01","2006-02-22","doi:10.6085/AA/PTSXXX_015ADCP015R00_20051101.50.1",660
"370",34.03849,-120.03137,"2006-01-25","2006-04-20","doi:10.6085/AA/BEAXXX_015ADCP015ROO_20060125.50.10",661
"371",34.46175,-120.290033,"2006-06-12","2006-09-21","doi:10.6085/AA/ALEXXX_015ADCP015R00_20060612.50.1",662
"372",34.46175,-120.290033,"2006-09-21","2006-12-07","doi:10.6085/AA/ALEXXX_015ADCP015R00_20060921.50.1",663
"373",34.869817,-120.63535,"2007-03-05","2007-06-10","doi:10.6085/AA/PTSXXX_015ADCP015R00_20070305.50.1",664
"374",34.01501,-120.3325,"2007-05-07","2007-07-30","doi:10.6085/AA/SMSXXX_015ADCP015R00_20070507.50.1",665
"375",34.86919,-120.63583,"2007-11-05","2008-02-19","doi:10.6085/AA/PTSXXX_015ADCP015R00_20071105.50.1",666
"376",34.86919,-120.63583,"2008-02-19","2008-05-16","doi:10.6085/AA/PTSXXX_015ADCP015R00_20080219.50.1",667
"377",34.86919,-120.63583,"2008-05-16","2008-09-15","doi:10.6085/AA/PTSXXX_015ADCP015R00_20080516.50.1",668
"378",34.86919,-120.63583,"2008-09-30","2008-11-17","doi:10.6085/AA/PTSXXX_015ADCP015R00_20080930.50.1",669
"379",34.86919,-120.63583,"2008-11-17","2009-03-09","doi:10.6085/AA/PTSXXX_015ADCP015R00_20081117.50.1",670
"380",34.86919,-120.63583,"2009-04-08","2009-07-15","doi:10.6085/AA/PTSXXX_015ADCP015R00_20090408.50.1",671
"381",34.86919,-120.63583,"2009-11-03","2010-08-13","doi:10.6085/AA/PTSXXX_015ADCP015R00_20091103.50.1",672
"382",34.86919,-120.63583,"2009-11-03","2010-08-13","doi:10.6085/AA/PTSXXX_015ADCP015R00_20091103.50.1",673
"383",34.86919,-120.63583,"2009-11-03","2010-08-13","doi:10.6085/AA/PTSXXX_015ADCP015R00_20091103.50.1",674
"384",34.86919,-120.63583,"2010-10-19","2011-07-29","doi:10.6085/AA/PTSXXX_015ADCP015R00_20101019.50.1",675
"385",34.86919,-120.63583,"2010-10-19","2011-07-29","doi:10.6085/AA/PTSXXX_015ADCP015R00_20101019.50.1",676
"386",34.86919,-120.63583,"2011-07-29","2011-11-20","doi:10.6085/AA/PTSXXX_015ADCP015R00_20110729.50.1",677
"387",34.726483,-120.6268,"2002-08-29","2002-11-20","doi:10.6085/AA/PURXXX_015ADCP015R00_20020829.50.1",688
"388",34.726483,-120.6268,"2003-03-12","2003-05-23","doi:10.6085/AA/PURXXX_015ADCP015R00_20030312.50.1",689
"389",34.726483,-120.6268,"2003-05-29","2003-08-23","doi:10.6085/AA/PURXXX_015ADCP015R00_20030529.50.1",690
"390",34.726483,-120.6268,"2003-11-12","2004-02-06","doi:10.6085/AA/PURXXX_015ADCP015R00_20031112.50.1",691
"391",34.726483,-120.6268,"2004-02-12","2004-05-05","doi:10.6085/AA/PURXXX_015ADCP015R00_20040212.50.1",692
"392",34.726483,-120.6268,"2004-05-26","2004-07-27","doi:10.6085/AA/PURXXX_015ADCP015R00_20040526.50.1",693
"393",34.726483,-120.6268,"2004-08-19","2004-11-22","doi:10.6085/AA/PURXXX_015ADCP015R00_20040819.50.1",694
"394",34.86919,-120.63583,"2005-02-26","2005-05-24","doi:10.6085/AA/PTSXXX_015ADCP015R00_20050226.50.3",695
"395",34.46175,-120.290033,"2005-06-14","2005-09-06","doi:10.6085/AA/ALEXXX_015ADCP015R00_20050614.50.1",696
"396",34.726483,-120.6268,"2005-11-01","2006-01-27","doi:10.6085/AA/PURXXX_015ADCP015R00_20051101.50.1",697
"397",34.03849,-120.03137,"2006-01-25","2006-04-20","doi:10.6085/AA/BEAXXX_015ADCP015ROO_20060125.50.10",698
"398",34.46175,-120.290033,"2006-06-12","2006-09-21","doi:10.6085/AA/ALEXXX_015ADCP015R00_20060612.50.1",699
"399",34.46175,-120.290033,"2006-09-21","2006-12-07","doi:10.6085/AA/ALEXXX_015ADCP015R00_20060921.50.1",700
"400",34.726483,-120.6268,"2007-03-05","2007-05-26","doi:10.6085/AA/PURXXX_015ADCP015R00_20070305.50.1",701
"401",34.726483,-120.6268,"2007-03-05","2007-05-26","doi:10.6085/AA/PURXXX_015ADCP015R00_20070305.50.1",702
"402",34.01501,-120.3325,"2007-05-07","2007-07-30","doi:10.6085/AA/SMSXXX_015ADCP015R00_20070507.50.1",703
"403",34.72602,-120.6276,"2007-11-05","2008-02-19","doi:10.6085/AA/PURXXX_015ADCP015R00_20071105.50.1",704
"404",34.72602,-120.6276,"2008-02-19","2008-05-13","doi:10.6085/AA/PURXXX_015ADCP015R00_20080219.50.2",705
"405",34.72602,-120.6276,"2008-05-16","2008-09-15","doi:10.6085/AA/PURXXX_015ADCP015R00_20080516.50.1",706
"406",34.72602,-120.6276,"2008-09-30","2008-11-17","doi:10.6085/AA/PURXXX_015ADCP015R00_20080930.50.1",707
"407",34.72602,-120.6276,"2008-11-17","2009-03-22","doi:10.6085/AA/PURXXX_015ADCP015R00_20081117.50.1",708
"408",34.72602,-120.6276,"2009-04-08","2009-07-15","doi:10.6085/AA/PURXXX_015ADCP015R00_20090408.50.1",709
"409",34.72602,-120.6276,"2009-11-03","2010-08-14","doi:10.6085/AA/PURXXX_015ADCP015R00_20091103.50.1",710
"410",34.72602,-120.6276,"2009-11-03","2010-08-14","doi:10.6085/AA/PURXXX_015ADCP015R00_20091103.50.1",711
"411",34.72602,-120.6276,"2009-11-03","2010-08-14","doi:10.6085/AA/PURXXX_015ADCP015R00_20091103.50.1",712
"412",34.72602,-120.6276,"2010-10-19","2011-04-04","doi:10.6085/AA/PURXXX_015ADCP015R00_20101019.50.1",713
"413",34.72602,-120.6276,"2010-10-19","2011-04-04","doi:10.6085/AA/PURXXX_015ADCP015R00_20101019.50.1",714
"414",34.86919,-120.63583,"2011-07-29","2011-11-20","doi:10.6085/AA/PTSXXX_015ADCP015R00_20110729.50.1",715
"415",34.54685,-120.608833,"2002-08-29","2002-11-20","doi:10.6085/AA/ARGXXX_015ADCP015R00_20020829.50.1",727
"416",34.54685,-120.608833,"2003-03-12","2003-05-23","doi:10.6085/AA/ARGXXX_015ADCP015R00_20030312.50.1",728
"417",34.54685,-120.608833,"2003-05-29","2003-08-23","doi:10.6085/AA/ARGXXX_015ADCP015R00_20030529.50.1",729
"418",34.54685,-120.608833,"2003-11-12","2004-02-06","doi:10.6085/AA/ARGXXX_015ADCP015R00_20031112.50.1",730
"419",34.54685,-120.608833,"2004-02-12","2004-05-05","doi:10.6085/AA/ARGXXX_015ADCP015R00_20040212.50.1",731
"420",34.54685,-120.608833,"2004-05-26","2004-07-29","doi:10.6085/AA/ARGXXX_015ADCP015R00_20040526.50.1",732
"421",34.54685,-120.608833,"2004-08-19","2004-11-13","doi:10.6085/AA/ARGXXX_015ADCP015R00_20040819.50.1",733
"422",34.54685,-120.608833,"2005-02-26","2005-06-16","doi:10.6085/AA/ARGXXX_015ADCP015R00_20050226.50.1",734
"423",34.46175,-120.290033,"2005-06-14","2005-09-06","doi:10.6085/AA/ALEXXX_015ADCP015R00_20050614.50.1",735
"424",34.54685,-120.608833,"2005-07-27","2005-10-28","doi:10.6085/AA/ARGXXX_015ADCP015R00_20050727.50.1",736
"425",34.03849,-120.03137,"2006-01-25","2006-04-20","doi:10.6085/AA/BEAXXX_015ADCP015ROO_20060125.50.10",737
"426",34.46175,-120.290033,"2006-06-12","2006-09-21","doi:10.6085/AA/ALEXXX_015ADCP015R00_20060612.50.1",738
"427",34.46175,-120.290033,"2006-09-21","2006-12-07","doi:10.6085/AA/ALEXXX_015ADCP015R00_20060921.50.1",739
"428",34.54685,-120.608833,"2007-03-05","2007-06-23","doi:10.6085/AA/ARGXXX_015ADCP015R00_20070305.50.1",740
"429",34.01501,-120.3325,"2007-05-07","2007-07-30","doi:10.6085/AA/SMSXXX_015ADCP015R00_20070507.50.1",741
"430",34.54685,-120.608833,"2007-08-02","2007-11-05","doi:10.6085/AA/ARGXXX_015ADCP015R00_20070802.50.1",742
"431",34.72602,-120.6276,"2008-02-19","2008-05-13","doi:10.6085/AA/PURXXX_015ADCP015R00_20080219.50.2",743
"432",34.5459,-120.60886,"2008-05-16","2008-08-13","doi:10.6085/AA/ARGXXX_015ADCP015R00_20080516.50.1",744
"433",34.72602,-120.6276,"2008-09-30","2008-11-17","doi:10.6085/AA/PURXXX_015ADCP015R00_20080930.50.1",745
"434",34.5459,-120.60886,"2008-11-17","2009-03-06","doi:10.6085/AA/ARGXXX_015ADCP015R00_20081117.50.1",746
"435",34.5459,-120.60886,"2009-04-08","2009-07-15","doi:10.6085/AA/ARGXXX_015ADCP015R00_20090408.50.1",747
"436",34.5459,-120.60886,"2009-11-03","2010-01-18","doi:10.6085/AA/ARGXXX_015ADCP015R00_20091103.50.1",748
"437",34.72602,-120.6276,"2009-11-03","2010-08-14","doi:10.6085/AA/PURXXX_015ADCP015R00_20091103.50.1",749
"438",34.72602,-120.6276,"2009-11-03","2010-08-14","doi:10.6085/AA/PURXXX_015ADCP015R00_20091103.50.1",750
"439",34.72602,-120.6276,"2010-10-19","2011-04-04","doi:10.6085/AA/PURXXX_015ADCP015R00_20101019.50.1",751
"440",34.72602,-120.6276,"2010-10-19","2011-04-04","doi:10.6085/AA/PURXXX_015ADCP015R00_20101019.50.1",752
"441",34.86919,-120.63583,"2011-07-29","2011-11-20","doi:10.6085/AA/PTSXXX_015ADCP015R00_20110729.50.1",753
"442",34.47385,-120.48605,"2002-08-29","2002-11-20","doi:10.6085/AA/JALXXX_015ADCP015R00_20020829.50.1",764
"443",34.47385,-120.48605,"2003-03-12","2003-05-23","doi:10.6085/AA/JALXXX_015ADCP015R00_20030312.50.1",765
"444",34.47385,-120.48605,"2003-05-29","2003-08-26","doi:10.6085/AA/JALXXX_015ADCP015R00_20030529.50.1",766
"445",34.47385,-120.48605,"2003-11-12","2004-02-06","doi:10.6085/AA/JALXXX_015ADCP015R00_20031112.50.1",767
"446",34.47385,-120.48605,"2004-02-12","2004-05-05","doi:10.6085/AA/JALXXX_015ADCP015R00_20040212.50.1",768
"447",34.47385,-120.48605,"2004-05-26","2004-07-29","doi:10.6085/AA/JALXXX_015ADCP015R00_20040526.50.1",769
"448",34.46085,-120.28998,"2004-11-04","2005-01-13","doi:10.6085/AA/ALEXXX_015ADCP015R00_20041104.50.5",770
"449",34.46085,-120.28998,"2005-01-15","2005-04-12","doi:10.6085/AA/ALEXXX_015ADCP015R00_20050115.50.2",771
"450",34.46085,-120.28998,"2005-06-14","2005-09-06","doi:10.6085/AA/ALEXXX_015ADCP015R00_20050614.50.5",772
"451",34.46085,-120.28998,"2005-09-06","2005-12-01","doi:10.6085/AA/ALEXXX_015ADCP015R00_20050906.50.4",773
"452",34.03849,-120.03137,"2006-01-25","2006-04-20","doi:10.6085/AA/BEAXXX_015ADCP015ROO_20060125.50.10",774
"453",34.46085,-120.28998,"2006-06-12","2006-09-21","doi:10.6085/AA/ALEXXX_015ADCP015R00_20060612.50.5",775
"454",34.46085,-120.28998,"2006-09-21","2006-12-07","doi:10.6085/AA/ALEXXX_015ADCP015R00_20060921.50.3",776
"455",34.46175,-120.290033,"2002-12-03","2003-02-27","doi:10.6085/AA/ALEXXX_015ADCP015R00_20021203.50.1",783
"456",34.47385,-120.48605,"2003-03-12","2003-05-23","doi:10.6085/AA/JALXXX_015ADCP015R00_20030312.50.1",784
"457",34.46175,-120.290033,"2003-09-10","2003-11-06","doi:10.6085/AA/ALEXXX_015ADCP015R00_20030910.50.1",785
"458",34.46175,-120.290033,"2004-02-12","2004-05-05","doi:10.6085/AA/ALEXXX_015ADCP015R00_20040212.50.1",786
"459",34.46175,-120.290033,"2004-11-04","2005-01-13","doi:10.6085/AA/ALEXXX_015ADCP015R00_20041104.50.1",787
"460",34.46175,-120.290033,"2005-01-15","2005-04-12","doi:10.6085/AA/ALEXXX_015ADCP015R00_20050115.50.1",788
"461",34.46175,-120.290033,"2005-09-06","2005-12-01","doi:10.6085/AA/ALEXXX_015ADCP015R00_20050906.50.1",789
"462",34.03849,-120.03137,"2006-01-25","2006-04-20","doi:10.6085/AA/BEAXXX_015ADCP015ROO_20060125.50.10",790
"463",34.46175,-120.290033,"2006-09-21","2006-12-07","doi:10.6085/AA/ALEXXX_015ADCP015R00_20060921.50.1",791
"464",34.46175,-120.290033,"2007-03-13","2007-07-09","doi:10.6085/AA/ALEXXX_015ADCP015R00_20070313.50.1",792
"465",34.46085,-120.28998,"2007-11-05","2008-02-19","doi:10.6085/AA/ALEXXX_015ADCP015R00_20071105.50.4",793
"466",34.46175,-120.290033,"2007-08-02","2007-11-04","doi:10.6085/AA/ALEXXX_015ADCP015R00_20070802.50.1",794
"467",34.46085,-120.28998,"2008-02-19","2008-05-28","doi:10.6085/AA/ALEXXX_015ADCP015R00_20080219.50.4",795
"468",34.46085,-120.28998,"2008-11-17","2009-04-08","doi:10.6085/AA/ALEXXX_015ADCP015R00_20081117.50.1",796
"469",34.46085,-120.28998,"2008-11-17","2009-04-08","doi:10.6085/AA/ALEXXX_015ADCP015R00_20081117.50.1",797
"470",34.46085,-120.28998,"2009-11-04","2010-03-17","doi:10.6085/AA/ALEXXX_015ADCP015R00_20091104.50.1",798
"471",34.46085,-120.28998,"2009-11-04","2010-03-17","doi:10.6085/AA/ALEXXX_015ADCP015R00_20091104.50.1",799
"472",34.46085,-120.28998,"2010-07-26","2011-01-10","doi:10.6085/AA/ALEXXX_015ADCP015R00_20100726.50.1",800
"473",34.058,-120.351,"2011-02-14","2011-06-27","doi:10.6085/AA/CUYXXX_015ADCP015R00_20110214.50.1",801
"474",33.97762,-119.66934,"2011-09-30","2012-03-17","doi:10.6085/AA/VALXXX_015ADCP015R00_20110930.50.1",802
"475",33.97762,-119.66934,"2011-09-30","2012-03-17","doi:10.6085/AA/VALXXX_015ADCP015R00_20110930.50.1",803
"476",33.97762,-119.66934,"2011-09-30","2012-03-17","doi:10.6085/AA/VALXXX_015ADCP015R00_20110930.50.1",804
"477",34.47385,-120.48605,"2002-11-27","2003-03-03","doi:10.6085/AA/JALXXX_015ADCP015R00_20021127.50.1",815
"478",34.47385,-120.48605,"2003-03-12","2003-05-23","doi:10.6085/AA/JALXXX_015ADCP015R00_20030312.50.1",816
"479",34.46175,-120.290033,"2003-09-10","2003-11-06","doi:10.6085/AA/ALEXXX_015ADCP015R00_20030910.50.1",817
"480",34.46175,-120.290033,"2004-02-12","2004-05-05","doi:10.6085/AA/ALEXXX_015ADCP015R00_20040212.50.1",818
"481",34.46175,-120.290033,"2004-11-04","2005-01-13","doi:10.6085/AA/ALEXXX_015ADCP015R00_20041104.50.1",819
"482",34.46175,-120.290033,"2005-01-15","2005-04-12","doi:10.6085/AA/ALEXXX_015ADCP015R00_20050115.50.1",820
"483",34.46175,-120.290033,"2005-09-06","2005-12-01","doi:10.6085/AA/ALEXXX_015ADCP015R00_20050906.50.1",821
"484",34.03849,-120.03137,"2006-01-25","2006-04-20","doi:10.6085/AA/BEAXXX_015ADCP015ROO_20060125.50.10",822
"485",34.46175,-120.290033,"2006-09-21","2006-12-07","doi:10.6085/AA/ALEXXX_015ADCP015R00_20060921.50.1",823
"486",34.46175,-120.290033,"2007-03-13","2007-07-09","doi:10.6085/AA/ALEXXX_015ADCP015R00_20070313.50.1",824
"487",34.46175,-120.290033,"2007-08-02","2007-11-04","doi:10.6085/AA/ALEXXX_015ADCP015R00_20070802.50.1",825
"488",34.46085,-120.28998,"2008-02-19","2008-05-28","doi:10.6085/AA/ALEXXX_015ADCP015R00_20080219.50.4",826
"489",34.46085,-120.28998,"2008-11-17","2009-04-08","doi:10.6085/AA/ALEXXX_015ADCP015R00_20081117.50.1",827
"490",34.46085,-120.28998,"2008-08-13","2008-11-17","doi:10.6085/AA/ALEXXX_015ADCP015R00_20080813.50.1",828
"491",34.46085,-120.28998,"2008-11-17","2009-04-08","doi:10.6085/AA/ALEXXX_015ADCP015R00_20081117.50.1",829
"492",34.46085,-120.28998,"2009-11-04","2010-03-17","doi:10.6085/AA/ALEXXX_015ADCP015R00_20091104.50.1",830
"493",34.46085,-120.28998,"2009-11-04","2010-03-17","doi:10.6085/AA/ALEXXX_015ADCP015R00_20091104.50.1",831
"494",34.46085,-120.28998,"2010-07-26","2011-01-10","doi:10.6085/AA/ALEXXX_015ADCP015R00_20100726.50.1",832
"495",34.02,-120.08,"2011-02-14","2011-07-19","doi:10.6085/AA/CTNXXX_015ADCP015R00_20110214.50.1",833
"496",33.97762,-119.66934,"2011-09-30","2012-03-17","doi:10.6085/AA/VALXXX_015ADCP015R00_20110930.50.1",834
"497",33.97762,-119.66934,"2011-09-30","2012-03-17","doi:10.6085/AA/VALXXX_015ADCP015R00_20110930.50.1",835
"498",34.46085,-120.28998,"2002-08-29","2002-11-23","doi:10.6085/AA/ALEXXX_015ADCP015R00_20020829.50.4",846
"499",34.0313,-119.69602,"2003-01-28","2003-04-24","doi:10.6085/AA/PELXXX_015ADCP015R00_20030128.50.4",847
"500",34.46085,-120.28998,"2003-11-12","2004-02-06","doi:10.6085/AA/ALEXXX_015ADCP015R00_20031112.50.2",848
"501",34.46085,-120.28998,"2004-02-12","2004-05-05","doi:10.6085/AA/ALEXXX_015ADCP015R00_20040212.50.5",849
"502",34.46085,-120.28998,"2004-11-04","2005-01-13","doi:10.6085/AA/ALEXXX_015ADCP015R00_20041104.50.5",850
"503",34.46085,-120.28998,"2005-01-15","2005-04-12","doi:10.6085/AA/ALEXXX_015ADCP015R00_20050115.50.2",851
"504",34.06683,-119.84111,"2005-09-12","2005-12-05","doi:10.6085/AA/PROXXX_015ADCP015R00_20050912.50.3",852
"505",34.03849,-120.03137,"2006-01-25","2006-04-20","doi:10.6085/AA/BEAXXX_015ADCP015ROO_20060125.50.10",853
"506",34.06683,-119.84111,"2006-09-26","2006-12-05","doi:10.6085/AA/PROXXX_015ADCP015R00_20060926.50.2",854
"507",34.06683,-119.84111,"2007-03-12","2007-05-23","doi:10.6085/AA/PROXXX_015ADCP015R00_20070312.50.4",855
"508",34.06683,-119.84111,"2007-11-28","2008-03-05","doi:10.6085/AA/PROXXX_015ADCP015R00_20071128.50.3",856
"509",34.06683,-119.84111,"2008-03-05","2008-06-12","doi:10.6085/AA/PROXXX_015ADCP015R00_20080305.50.1",857
"510",34.46085,-120.28998,"2008-08-13","2008-11-17","doi:10.6085/AA/ALEXXX_015ADCP015R00_20080813.50.1",858
"511",34.46085,-120.28998,"2008-11-17","2009-04-08","doi:10.6085/AA/ALEXXX_015ADCP015R00_20081117.50.1",859
"512",34.06683,-119.84111,"2009-11-09","2010-03-05","doi:10.6085/AA/PROXXX_015ADCP015R00_20091109.50.1",860
"513",34.06683,-119.84111,"2009-11-09","2010-03-05","doi:10.6085/AA/PROXXX_015ADCP015R00_20091109.50.1",861
"514",34.06683,-119.84111,"2010-08-25","2011-02-22","doi:10.6085/AA/PROXXX_015ADCP015R00_20100825.50.2",862
"515",34.0313,-119.69602,"2011-02-22","2011-07-26","doi:10.6085/AA/PELXXX_015ADCP015R00_20110222.50.1",863
"516",34.05559,-119.55941,"2011-09-28","2012-02-23","doi:10.6085/AA/SCPXXX_015ADCP015R00_20110928.50.1",864
"517",33.97762,-119.66934,"2011-09-30","2012-03-17","doi:10.6085/AA/VALXXX_015ADCP015R00_20110930.50.1",865
"518",34.0313,-119.69602,"2002-10-17","2003-01-04","doi:10.6085/AA/PELXXX_015ADCP015R00_20021017.50.4",877
"519",34.0313,-119.69602,"2003-01-28","2003-04-24","doi:10.6085/AA/PELXXX_015ADCP015R00_20030128.50.4",878
"520",34.46085,-120.28998,"2003-11-12","2004-02-06","doi:10.6085/AA/ALEXXX_015ADCP015R00_20031112.50.2",879
"521",34.46085,-120.28998,"2004-02-12","2004-05-05","doi:10.6085/AA/ALEXXX_015ADCP015R00_20040212.50.5",880
"522",34.0313,-119.69602,"2004-10-11","2004-12-20","doi:10.6085/AA/PELXXX_015ADCP015R00_20041011.50.8",881
"523",34.05559,-119.55941,"2004-12-20","2005-03-15","doi:10.6085/AA/SCPXXX_015ADCP015R00_20041220.50.3",882
"524",34.05559,-119.55941,"2005-11-17","2006-02-12","doi:10.6085/AA/SCPXXX_015ADCP015R00_20051117.50.2",883
"525",34.05559,-119.55941,"2006-02-17","2006-05-04","doi:10.6085/AA/SCPXXX_015ADCP015R00_20060217.50.4",884
"526",34.05559,-119.55941,"2006-10-31","2007-01-19","doi:10.6085/AA/SCPXXX_015ADCP015R00_20061031.50.3",885
"527",34.05559,-119.55941,"2007-01-19","2007-04-10","doi:10.6085/AA/SCPXXX_015ADCP015R00_20070119.50.3",886
"528",34.0313,-119.69602,"2007-09-07","2007-11-28","doi:10.6085/AA/PELXXX_015ADCP015R00_20070907.50.6",887
"529",34.05559,-119.55941,"2008-03-13","2008-05-12","doi:10.6085/AA/SCPXXX_015ADCP015R00_20080313.50.1",888
"530",34.05559,-119.55941,"2007-11-27","2008-03-05","doi:10.6085/AA/SCPXXX_015ADCP015R00_20071127.50.1",889
"531",34.05559,-119.55941,"2008-11-24","2009-02-18","doi:10.6085/AA/SCPXXX_015ADCP015R00_20081124.50.1",890
"532",34.05559,-119.55941,"2009-02-18","2009-05-13","doi:10.6085/AA/SCPXXX_015ADCP015R00_20090218.50.1",891
"533",34.05559,-119.55941,"2009-11-09","2010-02-24","doi:10.6085/AA/SCPXXX_015ADCP015R00_20091109.50.1",892
"534",33.97762,-119.66934,"2009-11-10","2010-03-02","doi:10.6085/AA/VALXXX_015ADCP015R00_20091110.50.1",893
"535",34.05559,-119.55941,"2009-11-09","2010-02-24","doi:10.6085/AA/SCPXXX_015ADCP015R00_20091109.50.1",894
"536",33.97762,-119.66934,"2009-11-10","2010-03-02","doi:10.6085/AA/VALXXX_015ADCP015R00_20091110.50.1",895
"537",34.05559,-119.55941,"2010-08-25","2010-12-15","doi:10.6085/AA/SCPXXX_015ADCP015R00_20100825.50.1",896
"538",34.05559,-119.55941,"2011-02-28","2011-07-22","doi:10.6085/AA/SCPXXX_015ADCP015R00_20110228.50.1",897
"539",34.05559,-119.55941,"2011-09-28","2012-02-23","doi:10.6085/AA/SCPXXX_015ADCP015R00_20110928.50.1",898
"540",33.97762,-119.66934,"2011-09-30","2012-03-17","doi:10.6085/AA/VALXXX_015ADCP015R00_20110930.50.1",899
"541",34.0313,-119.69602,"2002-10-17","2003-01-04","doi:10.6085/AA/PELXXX_015ADCP015R00_20021017.50.4",910
"542",34.0313,-119.69602,"2003-01-28","2003-04-24","doi:10.6085/AA/PELXXX_015ADCP015R00_20030128.50.4",911
"543",34.46085,-120.28998,"2003-11-12","2004-02-06","doi:10.6085/AA/ALEXXX_015ADCP015R00_20031112.50.2",912
"544",34.46085,-120.28998,"2004-02-12","2004-05-05","doi:10.6085/AA/ALEXXX_015ADCP015R00_20040212.50.5",913
"545",34.0313,-119.69602,"2004-10-11","2004-12-20","doi:10.6085/AA/PELXXX_015ADCP015R00_20041011.50.8",914
"546",34.05559,-119.55941,"2004-12-20","2005-03-15","doi:10.6085/AA/SCPXXX_015ADCP015R00_20041220.50.3",915
"547",34.06683,-119.84111,"2005-09-12","2005-12-05","doi:10.6085/AA/PROXXX_015ADCP015R00_20050912.50.3",916
"548",34.05559,-119.55941,"2006-02-17","2006-05-04","doi:10.6085/AA/SCPXXX_015ADCP015R00_20060217.50.4",917
"549",34.05559,-119.55941,"2006-10-31","2007-01-19","doi:10.6085/AA/SCPXXX_015ADCP015R00_20061031.50.3",918
"550",34.05559,-119.55941,"2007-01-19","2007-04-10","doi:10.6085/AA/SCPXXX_015ADCP015R00_20070119.50.3",919
"551",34.05559,-119.55941,"2007-11-27","2008-03-05","doi:10.6085/AA/SCPXXX_015ADCP015R00_20071127.50.1",920
"552",34.05559,-119.55941,"2007-11-27","2008-03-05","doi:10.6085/AA/SCPXXX_015ADCP015R00_20071127.50.1",921
"553",34.0313,-119.69602,"2008-10-02","2008-12-11","doi:10.6085/AA/PELXXX_015ADCP015R00_20081002.50.1",922
"554",34.05559,-119.55941,"2009-02-18","2009-05-13","doi:10.6085/AA/SCPXXX_015ADCP015R00_20090218.50.1",923
"555",34.05559,-119.55941,"2009-11-09","2010-02-24","doi:10.6085/AA/SCPXXX_015ADCP015R00_20091109.50.1",924
"556",33.97762,-119.66934,"2009-11-10","2010-03-02","doi:10.6085/AA/VALXXX_015ADCP015R00_20091110.50.1",925
"557",34.05559,-119.55941,"2010-08-25","2010-12-15","doi:10.6085/AA/SCPXXX_015ADCP015R00_20100825.50.1",926
"558",34.05559,-119.55941,"2011-02-28","2011-07-22","doi:10.6085/AA/SCPXXX_015ADCP015R00_20110228.50.1",927
"559",34.05559,-119.55941,"2011-09-28","2012-02-23","doi:10.6085/AA/SCPXXX_015ADCP015R00_20110928.50.1",928
"560",33.97762,-119.66934,"2011-09-30","2012-03-17","doi:10.6085/AA/VALXXX_015ADCP015R00_20110930.50.1",929
"561",33.97762,-119.66934,"2011-09-30","2012-03-17","doi:10.6085/AA/VALXXX_015ADCP015R00_20110930.50.1",930
"562",33.97762,-119.66934,"2002-10-18","2003-01-03","doi:10.6085/AA/VALXXX_015ADCP015R00_20021018.50.6",941
"563",33.97762,-119.66934,"2003-01-28","2003-04-24","doi:10.6085/AA/VALXXX_015ADCP015R00_20030128.50.6",942
"564",33.97762,-119.66934,"2003-08-07","2003-11-01","doi:10.6085/AA/VALXXX_015ADCP015R00_20030807.50.6",943
"565",34.46085,-120.28998,"2004-02-12","2004-05-05","doi:10.6085/AA/ALEXXX_015ADCP015R00_20040212.50.5",944
"566",33.97762,-119.66934,"2004-10-11","2004-12-20","doi:10.6085/AA/VALXXX_015ADCP015R00_20041011.50.11",945
"567",34.05559,-119.55941,"2005-03-16","2005-06-02","doi:10.6085/AA/SCPXXX_015ADCP015R00_20050316.50.2",946
"568",34.05559,-119.55941,"2005-08-31","2005-11-14","doi:10.6085/AA/SCPXXX_015ADCP015R00_20050831.50.3",947
"569",34.05559,-119.55941,"2006-02-17","2006-05-04","doi:10.6085/AA/SCPXXX_015ADCP015R00_20060217.50.4",948
"570",34.05559,-119.55941,"2006-10-31","2007-01-19","doi:10.6085/AA/SCPXXX_015ADCP015R00_20061031.50.3",949
"571",34.05559,-119.55941,"2007-01-19","2007-04-10","doi:10.6085/AA/SCPXXX_015ADCP015R00_20070119.50.3",950
"572",34.05559,-119.55941,"2007-11-27","2008-03-05","doi:10.6085/AA/SCPXXX_015ADCP015R00_20071127.50.1",951
"573",34.05559,-119.55941,"2008-03-13","2008-05-12","doi:10.6085/AA/SCPXXX_015ADCP015R00_20080313.50.1",952
"574",33.97762,-119.66934,"2008-09-09","2008-12-10","doi:10.6085/AA/VALXXX_015ADCP015R00_20080909.50.1",953
"575",34.05559,-119.55941,"2009-02-18","2009-05-13","doi:10.6085/AA/SCPXXX_015ADCP015R00_20090218.50.1",954
"576",34.05559,-119.55941,"2009-11-09","2010-02-24","doi:10.6085/AA/SCPXXX_015ADCP015R00_20091109.50.1",955
"577",34.05559,-119.55941,"2010-03-04","2010-08-25","doi:10.6085/AA/SCPXXX_015ADCP015R00_20100304.50.1",956
"578",34.05559,-119.55941,"2010-08-25","2010-12-15","doi:10.6085/AA/SCPXXX_015ADCP015R00_20100825.50.1",957
"579",34.05559,-119.55941,"2011-02-28","2011-07-22","doi:10.6085/AA/SCPXXX_015ADCP015R00_20110228.50.1",958
"580",34.05559,-119.55941,"2011-09-28","2012-02-23","doi:10.6085/AA/SCPXXX_015ADCP015R00_20110928.50.1",959
"581",33.97762,-119.66934,"2011-09-30","2012-03-17","doi:10.6085/AA/VALXXX_015ADCP015R00_20110930.50.1",960
"582",33.97762,-119.66934,"2002-10-18","2003-01-03","doi:10.6085/AA/VALXXX_015ADCP015R00_20021018.50.6",970
"583",33.97762,-119.66934,"2003-01-28","2003-04-24","doi:10.6085/AA/VALXXX_015ADCP015R00_20030128.50.6",971
"584",33.97762,-119.66934,"2004-10-11","2004-12-20","doi:10.6085/AA/VALXXX_015ADCP015R00_20041011.50.11",974
"585",34.05559,-119.55941,"2004-12-20","2005-03-15","doi:10.6085/AA/SCPXXX_015ADCP015R00_20041220.50.3",975
"586",34.06683,-119.84111,"2005-09-12","2005-12-05","doi:10.6085/AA/PROXXX_015ADCP015R00_20050912.50.3",976
"587",34.05559,-119.55941,"2006-02-17","2006-05-04","doi:10.6085/AA/SCPXXX_015ADCP015R00_20060217.50.4",977
"588",34.05559,-119.55941,"2006-10-31","2007-01-19","doi:10.6085/AA/SCPXXX_015ADCP015R00_20061031.50.3",978
"589",34.05559,-119.55941,"2007-01-19","2007-04-10","doi:10.6085/AA/SCPXXX_015ADCP015R00_20070119.50.3",979
"590",34.0313,-119.69602,"2007-09-07","2007-11-28","doi:10.6085/AA/PELXXX_015ADCP015R00_20070907.50.6",980
"591",34.05559,-119.55941,"2007-11-27","2008-03-05","doi:10.6085/AA/SCPXXX_015ADCP015R00_20071127.50.1",981
"592",33.97762,-119.66934,"2008-09-09","2008-12-10","doi:10.6085/AA/VALXXX_015ADCP015R00_20080909.50.1",982
"593",34.05559,-119.55941,"2009-02-18","2009-05-13","doi:10.6085/AA/SCPXXX_015ADCP015R00_20090218.50.1",983
"594",34.05559,-119.55941,"2009-11-09","2010-02-24","doi:10.6085/AA/SCPXXX_015ADCP015R00_20091109.50.1",984
"595",33.97762,-119.66934,"2009-11-10","2010-03-02","doi:10.6085/AA/VALXXX_015ADCP015R00_20091110.50.1",985
"596",34.05559,-119.55941,"2010-08-25","2010-12-15","doi:10.6085/AA/SCPXXX_015ADCP015R00_20100825.50.1",986
"597",34.05559,-119.55941,"2011-02-28","2011-07-22","doi:10.6085/AA/SCPXXX_015ADCP015R00_20110228.50.1",987
"598",34.05559,-119.55941,"2011-09-28","2012-02-23","doi:10.6085/AA/SCPXXX_015ADCP015R00_20110928.50.1",988
"599",33.97762,-119.66934,"2011-09-30","2012-03-17","doi:10.6085/AA/VALXXX_015ADCP015R00_20110930.50.1",989
"600",33.97762,-119.66934,"2002-10-18","2003-01-03","doi:10.6085/AA/VALXXX_015ADCP015R00_20021018.50.6",1000
"601",33.97762,-119.66934,"2003-01-28","2003-04-24","doi:10.6085/AA/VALXXX_015ADCP015R00_20030128.50.6",1001
"602",33.97762,-119.66934,"2004-10-11","2004-12-20","doi:10.6085/AA/VALXXX_015ADCP015R00_20041011.50.11",1004
"603",34.05559,-119.55941,"2005-03-16","2005-06-02","doi:10.6085/AA/SCPXXX_015ADCP015R00_20050316.50.2",1005
"604",34.05559,-119.55941,"2005-11-17","2006-02-12","doi:10.6085/AA/SCPXXX_015ADCP015R00_20051117.50.2",1006
"605",34.05559,-119.55941,"2006-02-17","2006-05-04","doi:10.6085/AA/SCPXXX_015ADCP015R00_20060217.50.4",1007
"606",34.05559,-119.55941,"2006-10-31","2007-01-19","doi:10.6085/AA/SCPXXX_015ADCP015R00_20061031.50.3",1008
"607",34.05559,-119.55941,"2007-01-19","2007-04-10","doi:10.6085/AA/SCPXXX_015ADCP015R00_20070119.50.3",1009
"608",34.05559,-119.55941,"2007-11-27","2008-03-05","doi:10.6085/AA/SCPXXX_015ADCP015R00_20071127.50.1",1010
"609",34.05559,-119.55941,"2008-03-13","2008-05-12","doi:10.6085/AA/SCPXXX_015ADCP015R00_20080313.50.1",1011
"610",33.97762,-119.66934,"2008-09-09","2008-12-10","doi:10.6085/AA/VALXXX_015ADCP015R00_20080909.50.1",1012
"611",34.05559,-119.55941,"2009-02-18","2009-05-13","doi:10.6085/AA/SCPXXX_015ADCP015R00_20090218.50.1",1013
"612",34.05559,-119.55941,"2009-11-09","2010-02-24","doi:10.6085/AA/SCPXXX_015ADCP015R00_20091109.50.1",1014
"613",34.05559,-119.55941,"2010-03-04","2010-08-25","doi:10.6085/AA/SCPXXX_015ADCP015R00_20100304.50.1",1015
"614",33.97762,-119.66934,"2009-11-10","2010-03-02","doi:10.6085/AA/VALXXX_015ADCP015R00_20091110.50.1",1016
"615",34.05559,-119.55941,"2010-08-25","2010-12-15","doi:10.6085/AA/SCPXXX_015ADCP015R00_20100825.50.1",1017
"616",34.05559,-119.55941,"2011-02-28","2011-07-22","doi:10.6085/AA/SCPXXX_015ADCP015R00_20110228.50.1",1018
"617",34.05559,-119.55941,"2011-09-28","2012-02-23","doi:10.6085/AA/SCPXXX_015ADCP015R00_20110928.50.1",1019
"618",33.97762,-119.66934,"2011-09-30","2012-03-17","doi:10.6085/AA/VALXXX_015ADCP015R00_20110930.50.1",1020
"619",33.97762,-119.66934,"2002-10-18","2003-01-03","doi:10.6085/AA/VALXXX_015ADCP015R00_20021018.50.6",1030
"620",33.97762,-119.66934,"2003-01-28","2003-04-24","doi:10.6085/AA/VALXXX_015ADCP015R00_20030128.50.6",1031
"621",33.97762,-119.66934,"2003-12-02","2004-02-24","doi:10.6085/AA/VALXXX_015ADCP015R00_20031202.50.6",1032
"622",33.97762,-119.66934,"2004-10-11","2004-12-20","doi:10.6085/AA/VALXXX_015ADCP015R00_20041011.50.11",1034
"623",34.05559,-119.55941,"2004-12-20","2005-03-15","doi:10.6085/AA/SCPXXX_015ADCP015R00_20041220.50.3",1035
"624",34.05559,-119.55941,"2005-11-17","2006-02-12","doi:10.6085/AA/SCPXXX_015ADCP015R00_20051117.50.2",1036
"625",34.05559,-119.55941,"2006-02-17","2006-05-04","doi:10.6085/AA/SCPXXX_015ADCP015R00_20060217.50.4",1037
"626",34.05559,-119.55941,"2006-10-31","2007-01-19","doi:10.6085/AA/SCPXXX_015ADCP015R00_20061031.50.3",1038
"627",33.97762,-119.66934,"2007-02-08","2007-04-27","doi:10.6085/AA/VALXXX_015ADCP015R00_20070208.50.9",1039
"628",34.05559,-119.55941,"2007-11-27","2008-03-05","doi:10.6085/AA/SCPXXX_015ADCP015R00_20071127.50.1",1040
"629",34.05559,-119.55941,"2008-03-13","2008-05-12","doi:10.6085/AA/SCPXXX_015ADCP015R00_20080313.50.1",1041
"630",33.97762,-119.66934,"2008-09-09","2008-12-10","doi:10.6085/AA/VALXXX_015ADCP015R00_20080909.50.1",1042
"631",34.05559,-119.55941,"2009-02-18","2009-05-13","doi:10.6085/AA/SCPXXX_015ADCP015R00_20090218.50.1",1043
"632",34.05559,-119.55941,"2009-11-09","2010-02-24","doi:10.6085/AA/SCPXXX_015ADCP015R00_20091109.50.1",1044
"633",34.05559,-119.55941,"2010-03-04","2010-08-25","doi:10.6085/AA/SCPXXX_015ADCP015R00_20100304.50.1",1045
"634",34.05559,-119.55941,"2010-08-25","2010-12-15","doi:10.6085/AA/SCPXXX_015ADCP015R00_20100825.50.1",1046
"635",34.05559,-119.55941,"2011-02-28","2011-07-22","doi:10.6085/AA/SCPXXX_015ADCP015R00_20110228.50.1",1047
"636",34.05559,-119.55941,"2011-09-28","2012-02-23","doi:10.6085/AA/SCPXXX_015ADCP015R00_20110928.50.1",1048
"637",33.97762,-119.66934,"2011-09-30","2012-03-17","doi:10.6085/AA/VALXXX_015ADCP015R00_20110930.50.1",1049
"638",33.97762,-119.66934,"2002-10-18","2003-01-03","doi:10.6085/AA/VALXXX_015ADCP015R00_20021018.50.6",1185
"639",33.97762,-119.66934,"2004-04-02","2004-06-28","doi:10.6085/AA/VALXXX_015ADCP015R00_20040402.50.6",1187
"640",33.97762,-119.66934,"2004-07-13","2004-10-07","doi:10.6085/AA/VALXXX_015ADCP015R00_20040713.50.6",1188
"641",34.05559,-119.55941,"2005-03-16","2005-06-02","doi:10.6085/AA/SCPXXX_015ADCP015R00_20050316.50.2",1189
"642",34.05559,-119.55941,"2005-08-31","2005-11-14","doi:10.6085/AA/SCPXXX_015ADCP015R00_20050831.50.3",1190
"643",34.05559,-119.55941,"2006-02-17","2006-05-04","doi:10.6085/AA/SCPXXX_015ADCP015R00_20060217.50.4",1191
"644",34.05559,-119.55941,"2006-10-31","2007-01-19","doi:10.6085/AA/SCPXXX_015ADCP015R00_20061031.50.3",1192
"645",34.0313,-119.69602,"2007-09-07","2007-11-28","doi:10.6085/AA/PELXXX_015ADCP015R00_20070907.50.6",1193
"646",34.05559,-119.55941,"2008-03-13","2008-05-12","doi:10.6085/AA/SCPXXX_015ADCP015R00_20080313.50.1",1194
"647",33.97762,-119.66934,"2002-10-18","2003-01-03","doi:10.6085/AA/VALXXX_015ADCP015R00_20021018.50.6",1195
"648",34.0313,-119.69602,"2003-05-12","2003-07-22","doi:10.6085/AA/PELXXX_015ADCP015R00_20030512.50.5",1196
"649",33.97762,-119.66934,"2004-04-02","2004-06-28","doi:10.6085/AA/VALXXX_015ADCP015R00_20040402.50.6",1197
"650",33.97762,-119.66934,"2004-07-13","2004-10-07","doi:10.6085/AA/VALXXX_015ADCP015R00_20040713.50.6",1198
"651",34.05559,-119.55941,"2005-03-16","2005-06-02","doi:10.6085/AA/SCPXXX_015ADCP015R00_20050316.50.2",1199
"652",34.05559,-119.55941,"2005-08-31","2005-11-14","doi:10.6085/AA/SCPXXX_015ADCP015R00_20050831.50.3",1200
"653",34.05559,-119.55941,"2006-02-17","2006-05-04","doi:10.6085/AA/SCPXXX_015ADCP015R00_20060217.50.4",1201
"654",34.05559,-119.55941,"2006-10-31","2007-01-19","doi:10.6085/AA/SCPXXX_015ADCP015R00_20061031.50.3",1202
"655",34.0313,-119.69602,"2007-09-07","2007-11-28","doi:10.6085/AA/PELXXX_015ADCP015R00_20070907.50.6",1203
"656",34.05559,-119.55941,"2008-03-13","2008-05-12","doi:10.6085/AA/SCPXXX_015ADCP015R00_20080313.50.1",1204
